vdom,id,name,uuid,srcintf,dstintf,srcaddr,dstaddr,action,schedule,service,utm-status,logtraffic,fsso,ips-sensor,ssl-ssh-profile,comments,nat,logtraffic-start,capture-packet,auto-asic-offload,status
DTH1COMM,1,comm to smart 20200715_01,312463aa-c6b2-51ea-366a-fefa85a5005d,I.COMM,I.SMART,host_10.163.143.210 host_10.63.142.209,net_10.1.153.0/24,accept,always,TCP/139 TCP/22 TCP/3389 TCP/445,enable,all,disable,sdn3-all,certificate-inspection,,,,,,
DTH1COMM,2,comm to hkats 20200715_02,eb2ae4d6-c6b2-51ea-60e8-cbf57b3d1f37,I.COMM,I.HKATS,host_10.163.143.210 host_10.63.142.209,net_10.151.34.0/24 net_10.151.52.0/24 net_10.151.54.0/24 net_10.151.58.0/24 net_10.161.2.0/24 net_10.161.4.0/24 net_10.170.34.0/24 net_10.170.54.0/24,accept,always,TCP/139 TCP/22 TCP/3389 TCP/445,enable,all,disable,sdn3-all,certificate-inspection,,,,,,
DTH1COMM,3,comm to hkats 20200717_01,460901ee-c816-51ea-b017-c68ac78d35c1,I.COMM,I.HKATS,host_10.164.1.40,net_10.170.54.0/24 net_10.170.64.0/24,accept,always,PING TCP/22,enable,all,disable,sdn3-all,certificate-inspection,,,,,,
DTH1COMM,4,LIN_Genium_5011,cae806de-ca83-51ea-54d4-0bf36783b0ed,I.PWTBP,I.COMM,net_10.151.58.0/24,net_10.164.1.0/24 net_10.164.129.0/24,accept,always,UDP/123,enable,all,disable,g-default,certificate-inspection,,,,,,
DTH1COMM,5,LIN_Genium_5016,2edca744-ca84-51ea-4645-800437ff117b,I.PWTBP,I.COMM,net_10.151.58.0/24,host_10.164.1.21 host_10.164.129.21,accept,always,PORT_HP_ILO,enable,all,disable,g-default,certificate-inspection,,,,,,
DTH1COMM,6,WIN_HKATS_5006,5c708022-ca84-51ea-0f73-292c89a6d423,I.SMARTTBP,I.COMM,net_10.1.153.0/24,NetGp_TIME_SERVER,accept,always,UDP/123,enable,all,disable,g-default,certificate-inspection,,,,,,
DTH1COMM,7,LIN_Genium_5004,821dfb5e-cad6-51ea-a5e3-263f1e3b4646,I.COMM,I.HTBP,host_10.164.1.21 host_10.164.1.26 host_10.164.1.27 host_10.164.129.21 host_10.164.130.26 net_10.163.142.0/24 net_10.163.143.0/24 net_10.63.142.0/24,net_10.151.34.0/24 net_10.151.52.0/24 net_10.151.54.0/24 net_10.170.54.0/24,accept,always,PORT_HP_ILO,enable,all,disable,g-default,certificate-inspection,,,,,,
DTH1COMM,8,LIN_Genium_5013,ab369848-cad6-51ea-d791-7c457795f9cc,I.COMM,I.PWTBP,host_10.164.1.21 host_10.164.1.26 host_10.164.1.27 host_10.164.129.21 host_10.164.130.26 net_10.163.142.0/24 net_10.163.143.0/24 net_10.63.142.0/24,net_10.151.58.0/24,accept,always,PORT_HP_ILO,enable,all,disable,g-default,certificate-inspection,Clone of LIN_Genium_5004,,,,,
DTH1COMM,9,DSDS_HKATS_0023,318823e4-cad7-51ea-7e29-6c342d1e268b,I.COMM,I.HTBP,net_10.163.143.0/24 net_10.164.1.0/24 net_10.164.129.0/24 net_10.63.142.0/24,net_10.151.34.0/24 net_10.151.54.0/24,accept,always,TCP/22,enable,all,disable,g-default,certificate-inspection,,,,,,
DTH1COMM,10,DSDS_HKATS_0025,570bfb1c-cad8-51ea-3fd1-2116752fb2c5,I.COMM,I.PWTBP,net_10.163.143.0/24 net_10.164.1.0/24 net_10.164.129.0/24 net_10.63.142.0/24,net_10.151.58.0/24,accept,always,TCP/22,enable,all,disable,g-default,certificate-inspection,Clone of DSDS_HKATS_0023,,,,,
DTH1COMM,11,DSDS_HKATS_0060,f68226f8-cad8-51ea-4ba8-fb65de16a718,I.COMM,I.PWTBP,net_10.163.143.0/24 net_10.63.142.0/24,range_10.151.58.101-102 range_10.151.58.155-157,accept,always,TCP/8082-8083 TCP/8090-8093 TCP/8443,enable,all,disable,g-default,certificate-inspection,,enable,,,,
DTH1COMM,12,DSDS_HKATS_0062,7b24d068-cad9-51ea-a5cc-8eab4850f0cf,I.COMM,I.HTBP,net_10.163.143.0/24 net_10.63.142.0/24,range_10.151.54.133-138 range_10.151.54.53-77 range_10.151.54.80-83,accept,always,TCP/12024-12027,enable,all,disable,g-default,certificate-inspection,,,,,,
DTH1COMM,13,DSDS_HKATS_0064,bea0caf4-cad9-51ea-a378-f8d5a4260df6,I.COMM,I.HTBP,net_10.163.143.0/24 net_10.63.142.0/24,host_10.151.54.86,accept,always,TCP/14030 TCP/22,enable,all,disable,g-default,certificate-inspection,,,,,,
DTH1DEV,1,MDS_MIX_0001,1be60944-af2e-51ea-4728-90aa68eb2d28,D.SDN2.2928,I.DEV,net_10.170.53.0/24,net_10.161.5.0/24,accept,always,ALL_ICMP PING,,,disable,,,,,enable,enable,disable,
DTH1DEV,2,MDS_MIX_0001_2,fa11eb84-af2e-51ea-254b-0eadf68b5dae,I.DEV,D.SDN2.2928,net_10.161.5.0/24,net_10.170.53.0/24,accept,always,ALL_ICMP PING,,,disable,,,,,enable,enable,disable,
DTH1DEV,3,temp ping,acfd4864-b2f5-51ea-2b87-8400a1707ac1,any,any,all,all,accept,always,ALL_ICMP,enable,all,disable,sdn3-all,certificate-inspection,,,,,,
DTH1HKATS1,1,LIN_Genium_5001,7c0a061a-8f6a-51ea-b0be-163f00e112c2,I.HKATS,D.CCI,net_10.151.54.0/24 net_10.170.54.0/24,NetGp_BMC_SERVER,accept,always,Port_to_BMC,enable,all,,sdn3-all,certificate-inspection,NCR-5027:2020_0506,,,,,
DTH1HKATS1,2,LIN_Genium_5002,184264d2-8f6b-51ea-dc06-ca10c564b021,D.CCI,I.HKATS,NetGp_BMC_SERVER,net_10.151.54.0/24 net_10.170.54.0/24,accept,always,Port_from_BMC,enable,all,,sdn3-all,certificate-inspection,NCR-5027:2020_0506,,,,,
DTH1HKATS1,3,LIN_Genium_5003,53678326-8f6b-51ea-89ba-5126b6dc36ff,I.HKATS,D.SDN2,net_10.151.54.0/24 net_10.170.54.0/24 net_10.151.34.0/24,NetGp_TIME_SERVER,accept,always,UDP/123,enable,all,,sdn3-all,certificate-inspection,NCR-5027:2020_0506,,,,,
DTH1HKATS1,15,LIN_Genium_5003_2,e12d81fc-93fc-51ea-e4f3-820797da8306,X.HKATS,D.SDN2,net_10.152.54.0/24 net_10.170.64.0/24 net_10.152.34.0/24,NetGp_TIME_SERVER,accept,always,UDP/123,enable,all,,sdn3-all,certificate-inspection,NCR-5027:2020_0506,,,,,
DTH1HKATS1,4,LIN_Genium_5004,f0089f58-8f6b-51ea-d1f0-62a26852b0fd,D.SDN2,I.HKATS,host_10.164.1.21 host_10.164.1.26 host_10.164.1.27 host_10.164.129.21 host_10.164.130.26 net_10.163.142.0/24 net_10.163.143.0/24 net_10.63.142.0/24,net_10.151.54.0/24 net_10.170.54.0/24 net_10.151.52.0/24 net_10.151.34.0/24,accept,always,PORT_HP_ILO,enable,all,,sdn3-all,certificate-inspection,NCR-5027:2020_0506,,,,,
DTH1HKATS1,16,LIN_Genium_5004_2,fe66d804-93fc-51ea-5f96-1f85607dd353,D.SDN2,X.HKATS,host_10.164.1.21 host_10.164.1.26 host_10.164.1.27 host_10.164.129.21 host_10.164.130.26 net_10.163.142.0/24 net_10.163.143.0/24 net_10.63.142.0/24,net_10.152.54.0/24 net_10.170.64.0/24 net_10.152.52.0/24 net_10.152.34.0/24,accept,always,PORT_HP_ILO,enable,all,,sdn3-all,certificate-inspection,NCR-5027:2020_0506,,,,,
DTH1HKATS1,5,LIN_Genium_5005,39087dda-8f6d-51ea-106c-3cbc2b3904a5,D.CCI,I.HKATS,host_10.244.130.6 host_10.248.64.43 net_10.245.127.0/24 net_10.245.132.0/24 net_10.249.127.0/24 net_10.249.132.0/24 host_10.244.64.43,net_10.151.54.0/24 net_10.170.54.0/24,accept,always,TCP/22,enable,all,,sdn3-all,certificate-inspection,NCR-5027:2020_0506,,,,,
DTH1HKATS1,6,LIN_Genium_5006,9491ce90-8f6d-51ea-5ee1-8f542a6f6093,I.HKATS,D.SDN2,net_10.151.54.0/24 net_10.170.54.0/24 net_10.151.34.0/24,host_10.164.1.21 host_10.164.129.21,accept,always,TCP/80,enable,all,,sdn3-all,certificate-inspection,NCR-5027:2020_0506,,,,,
DTH1HKATS1,18,LIN_Genium_5006_2,5a41817c-93ff-51ea-d26a-b2dc08540a72,X.HKATS,D.SDN2,net_10.152.54.0/24 net_10.170.64.0/24 net_10.152.34.0/24,host_10.164.1.21 host_10.164.129.21,accept,always,TCP/80,enable,all,,sdn3-all,certificate-inspection,NCR-5027:2020_0506,,,,,
DTH1HKATS1,7,LIN_Genium_5007,d7c97c76-8f6d-51ea-80e6-c83bc6d8fa55,D.CCI,I.HKATS,host_10.244.64.88,net_10.151.54.0/24 net_10.170.54.0/24,accept,always,Port_SEPM,enable,all,,sdn3-all,certificate-inspection,NCR-5027:2020_0506,,,,,
DTH1HKATS1,29,LIN_Genium_5020,0877edc4-ac8f-51ea-5a12-a716956f372c,D.CCI,I.HKATS,range_10.244.64.19-20,net_10.151.52.0/24 net_10.170.54.0/24 net_10.151.54.0/24,accept,always,PORT_HP_ILO,enable,all,,sdn3-all,certificate-inspection,,,,,,
DTH1HKATS1,8,LIN_Genium_5008,066deecc-8f6e-51ea-16af-fa47b97129ae,I.HKATS,D.CCI,net_10.151.54.0/24 net_10.170.54.0/24,host_10.244.64.88,accept,always,Port_SEPM,enable,all,,sdn3-all,certificate-inspection,NCR-5027:2020_0506,,,,,
DTH1HKATS1,17,LIN_Genium_5009,ec11167a-9455-51ea-0c4a-07022692a511,I.PTRMW,D.CCI,net_10.151.58.0/24,range_10.244.64.68-70 range_10.248.64.68-70,accept,always,Port_to_BMC,enable,all,,sdn3-all,certificate-inspection,NCR-5027:2020_0506,,,,,
DTH1HKATS1,19,LIN_Genium_5010,33d8e8ac-9456-51ea-07fb-809ed9b18a15,D.CCI,I.PTRMW,range_10.244.64.68-70 range_10.248.64.68-70,net_10.151.58.0/24,accept,always,Port_from_BMC,enable,all,,sdn3-all,certificate-inspection,NCR-5027:2020_0506,,,,,
DTH1HKATS1,20,LIN_Genium_5011,893ff02e-9456-51ea-4828-d13a2d0be0ad,I.PTRMW,D.SDN2,net_10.151.58.0/24,net_10.164.1.0/24 net_10.164.129.0/24,accept,always,UDP/123,enable,all,,sdn3-all,certificate-inspection,NCR-5027:2020_0506,,,,,
DTH1HKATS1,21,LIN_Genium_5012,b9001140-9456-51ea-13fa-c9e90cce3103,X.HKATS,D.SDN2,net_10.152.58.0/24,net_10.164.1.0/24 net_10.164.129.0/24,accept,always,UDP/123,enable,all,,sdn3-all,certificate-inspection,NCR-5027:2020_0506,,,,,
DTH1HKATS1,22,LIN_Genium_5013,e402ab3c-9456-51ea-b4e7-65bc5b76e519,D.SDN2,I.PTRMW,host_10.164.1.21 host_10.164.1.26 host_10.164.1.27 host_10.164.129.21 host_10.164.130.26 net_10.163.142.0/24 net_10.163.143.0/24 net_10.63.142.0/24,net_10.151.58.0/24,accept,always,PORT_HP_ILO,enable,all,,sdn3-all,certificate-inspection,NCR-5027:2020_0506,,,,,
DTH1HKATS1,23,LIN_Genium_5014,0832f8d6-9457-51ea-e98b-da21d26cc233,D.SDN2,X.HKATS,host_10.164.1.21 host_10.164.1.26 host_10.164.1.27 host_10.164.129.21 host_10.164.130.26 net_10.163.142.0/24 net_10.163.143.0/24 net_10.63.142.0/24,net_10.152.58.0/24,accept,always,PORT_HP_ILO,enable,all,,sdn3-all,certificate-inspection,NCR-5027:2020_0506,,,,,
DTH1HKATS1,24,LIN_Genium_5015,395d69aa-9457-51ea-c75f-0bb094927946,D.CCI,I.PTRMW,host_10.244.130.6 host_10.248.64.43 net_10.245.127.0/24 net_10.245.132.0/24 net_10.249.127.0/24 net_10.249.132.0/24 host_10.244.64.43,net_10.151.58.0/24,accept,always,TCP/22,enable,all,,sdn3-all,certificate-inspection,NCR-5027:2020_0506,,,,,
DTH1HKATS1,25,LIN_Genium_5016,86095c32-9457-51ea-5b36-7780264fb2b4,I.PTRMW,D.SDN2,net_10.151.58.0/24,host_10.164.1.21 host_10.164.129.21,accept,always,TCP/80,enable,all,,sdn3-all,certificate-inspection,NCR-5027:2020_0506,,,,,
DTH1HKATS1,26,LIN_Genium_5017,aad55020-9457-51ea-443e-b6551c9bc649,X.HKATS,D.SDN2,net_10.152.58.0/24,host_10.164.1.21 host_10.164.129.21,accept,always,TCP/80,enable,all,,sdn3-all,certificate-inspection,NCR-5027:2020_0506,,,,,
DTH1HKATS1,27,LIN_Genium_5018,c2a97582-9457-51ea-3554-f252d4b9a337,D.CCI,I.PTRMW,host_10.244.64.88,net_10.151.58.0/24,accept,always,Port_SEPM,enable,all,,sdn3-all,certificate-inspection,NCR-5027:2020_0506,,,,,
DTH1HKATS1,30,LIN_Genium_5021,4a88dd2c-ac8f-51ea-4c26-a36157201114,D.CCI,I.HKATS,range_10.244.64.19-20,net_10.151.58.0/24,accept,always,PORT_HP_ILO,enable,all,,sdn3-all,certificate-inspection,,,,,,
DTH1HKATS1,28,LIN_Genium_5019,dd904fb0-9457-51ea-0531-ec631abe5d14,I.PTRMW,D.CCI,net_10.151.58.0/24,host_10.244.64.88,accept,always,Port_SEPM,enable,all,,sdn3-all,certificate-inspection,NCR-5027:2020_0506,,,,,
DTH1HKATS1,11,Tester_vlan99_to_vl703,29f710e4-92a2-51ea-b09e-23feee1a1445,D.OTPC,I.HKATS,10.1.1.0/24,net_10.151.54.0/24,accept,always,ALL,,all,,,,,,,,,
DTH1HKATS1,12,Tester_vl703_to_vl99,68fd1752-92a2-51ea-8650-676723074b6c,I.HKATS,D.OTPC,net_10.151.54.0/24,10.1.1.0/24,accept,always,ALL,,all,,,,,,,,,
DTH1HKATS1,99,allow-all-ping,245c181a-9071-51ea-08f6-0506ad18d35d,any,any,all,all,accept,always,ALL_ICMP,enable,all,,sdn3-all,certificate-inspection,,,,,,
DTH1HKATS1,100,allow-all,6c93f44c-8f70-51ea-b150-638b92d16620,any,any,all,all,accept,always,ALL,enable,all,,sdn3-all,certificate-inspection,,,,,,
DTH1TBP,1,LIN_Genium_5001,53ccc0da-967b-51ea-7a01-2e7ee12617bf,I.HTBP,D.CCI,net_10.151.54.0/24 net_10.170.54.0/24 net_10.151.34.0/24 net_10.151.52.0/24,NetGp_BMC_SERVER,accept,always,Port_to_BMC,enable,all,,sdn3-all,certificate-inspection,NCR-5027:2020_0506,,,,,
DTH1TBP,2,LIN_Genium_5002,5b5fb618-967b-51ea-2482-eda5d45823cd,D.CCI,I.HTBP,NetGp_BMC_SERVER,net_10.151.54.0/24 net_10.170.54.0/24 net_10.151.34.0/24 net_10.151.52.0/24,accept,always,Port_from_BMC,enable,all,,sdn3-all,certificate-inspection,NCR-5027:2020_0506,,,,,
DTH1TBP,3,LIN_Genium_5003,5b8e104e-967b-51ea-3d4d-3d7a5ba19222,D.SDN2,X.HTBP,NetGp_TIME_SERVER,net_10.152.54.0/24 net_10.170.64.0/24 net_10.152.34.0/24,accept,always,UDP/123,enable,all,,sdn3-all,certificate-inspection,NCR-5027:2020_0506,,,,,
DTH1TBP,15,LIN_Genium_5003_2,5bb339be-967b-51ea-09d8-ad806c598648,X.HTBP,D.SDN2,net_10.152.54.0/24 net_10.170.64.0/24 net_10.2.153.0/24 net_10.152.34.0/24,NetGp_TIME_SERVER,accept,always,UDP/123,enable,all,,sdn3-all,certificate-inspection,NCR-5027:2020_0506,,,,,
DTH1TBP,4,LIN_Genium_5004,5bda3474-967b-51ea-bb05-63c0fbf683ad,D.SDN2,I.HTBP,host_10.164.1.21 host_10.164.1.26 host_10.164.1.27 host_10.164.129.21 host_10.164.130.26 net_10.163.142.0/24 net_10.163.143.0/24 net_10.63.142.0/24 net_10.1.85.0,net_10.151.54.0/24 net_10.170.54.0/24 net_10.151.52.0/24 net_10.151.34.0/24,accept,always,PORT_HP_ILO,enable,all,,sdn3-all,certificate-inspection,NCR-5027:2020_0506,,,,,
DTH1TBP,139,LIN_Genium_5004_2,d4fb97e2-c8aa-51ea-d8cb-c0933764f778,I.HTBP,D.SDN2,net_10.151.54.0/24 net_10.170.54.0/24 net_10.151.52.0/24 net_10.151.34.0/24,host_10.164.1.21 host_10.164.1.26 host_10.164.1.27 host_10.164.129.21 host_10.164.130.26 net_10.163.142.0/24 net_10.163.143.0/24 net_10.63.142.0/24 net_10.1.85.0,accept,always,PORT_HP_ILO,enable,all,disable,,certificate-inspection,,,,,,
DTH1TBP,5,LIN_Genium_5005,5c268090-967b-51ea-fc55-8cbb45373ae0,D.CCI,I.HTBP,host_10.244.130.6 host_10.248.64.43 net_10.245.127.0/24 net_10.245.132.0/24 net_10.249.127.0/24 net_10.249.132.0/24 host_10.244.64.43,net_10.151.54.0/24 net_10.170.54.0/24 net_10.151.34.0/24,accept,always,TCP/22,enable,all,,sdn3-all,certificate-inspection,NCR-5027:2020_0506,,,,,
DTH1TBP,6,LIN_Genium_5006,5c4c9226-967b-51ea-0bc4-435f0ea9244d,D.SDN2,X.HTBP,host_10.164.1.21 host_10.164.129.21 host_10.164.1.26 host_10.164.1.27 host_10.164.130.26 net_10.163.142.0/24 net_10.163.143.0/24 net_10.63.142.0/24 net_10.1.85.0,net_10.152.54.0/24 net_10.170.64.0/24 net_10.152.52.0/24 net_10.152.34.0/24 net_10.2.153.0/24,accept,always,PORT_HP_ILO,enable,all,,sdn3-all,certificate-inspection,NCR-5027:2020_0506,,,,,
DTH1TBP,18,LIN_Genium_5006_2,62160f3e-967b-51ea-53c8-da0a3445d000,X.HTBP,D.SDN2,net_10.152.54.0/24 net_10.170.64.0/24 net_10.152.52.0/24 net_10.152.34.0/24 net_10.2.153.0/24,host_10.164.1.21 host_10.164.129.21,accept,always,PORT_HP_ILO,enable,all,,sdn3-all,certificate-inspection,NCR-5027:2020_0506,,,,,
DTH1TBP,7,LIN_Genium_5007,623f89f4-967b-51ea-3773-3d942ba14695,I.PWTBP,I.HTBP,net_10.151.58.0/24,host_10.164.1.21 host_10.164.129.21,accept,always,PORT_HP_ILO,enable,all,,sdn3-all,certificate-inspection,NCR-5027:2020_0506,,,,,
DTH1TBP,8,LIN_Genium_5008,6266050c-967b-51ea-3606-1bd4aae72b74,I.HTBP,D.CCI,net_10.151.54.0/24 net_10.170.54.0/24,host_10.244.64.88,accept,always,Port_SEPM,enable,all,,sdn3-all,certificate-inspection,NCR-5027:2020_0506,,,,,
DTH1TBP,17,LIN_Genium_5009,628b9ab0-967b-51ea-4da8-df3f8e6ba40b,I.PWTBP,D.CCI,net_10.151.58.0/24,range_10.244.64.68-70 range_10.248.64.68-70,accept,always,Port_to_BMC,enable,all,,sdn3-all,certificate-inspection,NCR-5027:2020_0506,,,,,
DTH1TBP,19,LIN_Genium_5010,62b0e888-967b-51ea-8bb6-e80fd3db3cf7,D.CCI,I.PWTBP,range_10.244.64.68-70 range_10.248.64.68-70,net_10.151.58.0/24,accept,always,Port_from_BMC,enable,all,,sdn3-all,certificate-inspection,NCR-5027:2020_0506,,,,,
DTH1TBP,20,LIN_Genium_5011,66cebabc-967b-51ea-e23d-991165b5c506,I.PWTBP,D.SDN2,net_10.151.58.0/24,net_10.164.1.0/24 net_10.164.129.0/24,accept,always,UDP/123,enable,all,,sdn3-all,certificate-inspection,NCR-5027:2020_0506,,,,,
DTH1TBP,21,LIN_Genium_5012,66f8b5c4-967b-51ea-240f-c9cdb89b67a9,X.HTBP,D.SDN2,net_10.152.58.0/24,net_10.164.1.0/24 net_10.164.129.0/24,accept,always,UDP/123,enable,all,,sdn3-all,certificate-inspection,NCR-5027:2020_0506,,,,,
DTH1TBP,22,LIN_Genium_5013,671e4064-967b-51ea-665e-7cc39f7b6b80,D.SDN2,I.PWTBP,host_10.164.1.21 host_10.164.1.26 host_10.164.1.27 host_10.164.129.21 host_10.164.130.26 net_10.163.142.0/24 net_10.163.143.0/24 net_10.63.142.0/24 net_10.1.85.0,net_10.151.58.0/24,accept,always,PORT_HP_ILO,enable,all,,sdn3-all,certificate-inspection,NCR-5027:2020_0506,,,,,
DTH1TBP,24,LIN_Genium_5015,676ad76c-967b-51ea-368b-f702ba9a72b2,D.CCI,I.PWTBP,host_10.244.130.6 host_10.248.64.43 net_10.245.127.0/24 net_10.245.132.0/24 net_10.249.127.0/24 net_10.249.132.0/24 host_10.244.64.43,net_10.151.58.0/24,accept,always,TCP/22,enable,all,,sdn3-all,certificate-inspection,NCR-5027:2020_0506,,,,,
DTH1TBP,25,LIN_Genium_5016,6d689514-967b-51ea-446b-c4acb25e1546,I.PWTBP,D.SDN2,net_10.151.58.0/24,host_10.164.1.21 host_10.164.129.21,accept,always,PORT_HP_ILO,enable,all,,sdn3-all,certificate-inspection,NCR-5027:2020_0506,,,,,
DTH1TBP,26,LIN_Genium_5017,6d94e650-967b-51ea-94ad-c0afda51f4eb,X.HTBP,D.SDN2,net_10.152.58.0/24,host_10.164.1.21 host_10.164.129.21,accept,always,PORT_HP_ILO,enable,all,,sdn3-all,certificate-inspection,NCR-5027:2020_0506,,,,,
DTH1TBP,27,LIN_Genium_5018,6dbb439a-967b-51ea-54f8-cc1d6f001c44,D.CCI,I.PWTBP,host_10.244.64.88,net_10.151.58.0/24,accept,always,Port_SEPM,enable,all,,sdn3-all,certificate-inspection,NCR-5027:2020_0506,,,,,
DTH1TBP,28,LIN_Genium_5019,6de1051c-967b-51ea-6248-4d3aa33fe5af,I.PWTBP,D.CCI,net_10.151.58.0/24,host_10.244.64.88,accept,always,Port_SEPM,enable,all,,sdn3-all,certificate-inspection,NCR-5027:2020_0506,,,,,
DTH1TBP,29,LIN_Genium_5020,34b33e86-9cc0-51ea-aab4-095aaa2f4911,D.CCI,I.HTBP,range_10.244.64.19-20,net_10.170.54.0/24 net_10.151.34.0/24 net_10.151.54.0/24 net_10.151.52.0/24,accept,always,PORT_HP_ILO,enable,all,,sdn3-all,certificate-inspection,,,,,,
DTH1TBP,30,MDS_OMDD_0003,f609663e-aecf-51ea-cb2c-60ac935a34f4,I.HTBP,D.CCI,range_10.170.53.89-90,NetGp_AD,accept,always,TCP/389,enable,all,,sdn3-all,certificate-inspection,NCR-4850:2020_0615,,,,,
DTH1TBP,31,MDS_OMDD_0004,232f7e50-aed0-51ea-8395-fb269e19a5c1,I.HTBP,D.SDN2,range_10.170.53.89-90,host_10.170.33.11,accept,always,TCP/22,enable,all,,sdn3-all,certificate-inspection,NCR-4850:2020_0615,,,,,
DTH1TBP,32,MDS_OMDD_0008,3b7405d0-aed0-51ea-5629-017d22cb1eb3,D.SDN2,I.HTBP,net_10.170.34.0/24,net_10.170.54.0/24,accept,always,TCP/22,enable,all,,sdn3-all,certificate-inspection,NCR-4850:2020_0615,,,,,
DTH1TBP,33,MDS_OMDD_0010,780a61ec-aed0-51ea-bdc7-052fb7e16ff9,I.HTBP,D.CCI,host_10.170.54.89,host_10.245.126.181 host_10.249.126.181,accept,always,TCP/22,enable,all,,sdn3-all,certificate-inspection,NCR-4850:2020_0615,,,,,
DTH1TBP,34,MDS_OMDD_0011,997f0b98-aed0-51ea-e608-d6cc6ce47c52,D.CCI,I.HTBP,host_10.244.64.41 host_10.248.64.41,host_10.170.54.89,accept,always,PORT_DollarU,enable,all,,sdn3-all,certificate-inspection,NCR-4850:2020_0615,,,,,
DTH1TBP,35,MDS_OMDD_0012,b448534e-aed0-51ea-25c5-4f3b9061c759,I.HTBP,D.CCI,host_10.170.54.89,host_10.244.64.41 host_10.248.64.41,accept,always,PORT_DollarU,enable,all,,sdn3-all,certificate-inspection,NCR-4850:2020_0615,,,,,
DTH1TBP,36,MDS_MIX_0001,d0bab486-aed0-51ea-d1f1-2d474a41679a,I.HTBP,D.SDN2,host_10.170.53.95 range_10.170.53.89-90,net_10.161.5.0/24 net_10.162.5.0/24,accept,always,TCP/12024-12025 TCP/22,enable,all,,sdn3-all,certificate-inspection,NCR-4850:2020_0615,,,,,
DTH1TBP,37,MDS_MIX_0002,11341246-aed1-51ea-e8bf-563e5589de7b,X.HTBP,D.SDN2,host_10.170.63.95 range_10.170.63.89-90,net_10.161.5.0/24 net_10.162.5.0/24,accept,always,TCP/12024-12025 TCP/22,enable,all,,sdn3-all,certificate-inspection,NCR-4850:2020_0615,,,,,
DTH1TBP,38,MDS_MIX_0003,3afddd28-aed1-51ea-c9a1-0e79aaed2af8,D.SDN2,I.HTBP,net_10.161.5.0/24 net_10.162.5.0/24,host_10.170.53.95,accept,always,TCP/22,enable,all,,sdn3-all,certificate-inspection,NCR-4850:2020_0615,,,,,
DTH1TBP,39,MDS_MIX_0004,4a26247c-aed1-51ea-803e-36d269eb4ccd,D.SDN2,X.HTBP,net_10.161.5.0/24 net_10.162.5.0/24,host_10.170.63.95,accept,always,TCP/22,enable,all,,sdn3-all,certificate-inspection,NCR-4850:2020_0615,,,,,
DTH1TBP,40,DSDS_DIRS_0001,245935a4-babb-51ea-b8a5-b4e8bba995c9,D.SDN2,X.HTBP,net_10.161.5.0/24 net_10.162.5.0/24,range_10.152.25.11-12,accept,always,TCP/22 TCP/80 TCP/8080 TCP/443 TCP/8801 TCP/9901,enable,all,,sdn3-all,certificate-inspection,NCR-5259:2020_0622,,,,,
DTH1TBP,41,DSDS_DIRS_0002,5e31a4fa-babb-51ea-04f3-d286ba3550f6,X.HTBP,D.SDN2,range_10.152.25.11-12,host_10.161.5.199,accept,always,TCP/22,enable,all,,sdn3-all,certificate-inspection,NCR-5259:2020_0622,,,,,
DTH1TBP,42,DSDS_DIRS_0004,7a92dbbe-babb-51ea-8fe0-1f1943c04744,X.HTBP,D.SDN2,host_10.152.5.35 host_10.152.5.99,host_10.161.5.199,accept,always,TCP/22,enable,all,,sdn3-all,certificate-inspection,NCR-5259:2020_0622,,,,,
DTH1TBP,43,DSDS_HKATS_0022,933d3f38-babb-51ea-ac46-b8d199103907,D.SDN2,X.HTBP,net_10.161.5.0/24 net_10.162.5.0/24,net_10.152.5.0/24,accept,always,TCP/22,enable,all,,sdn3-all,certificate-inspection,NCR-5259:2020_0622,,,,,
DTH1TBP,44,DSDS_HKATS_0023,ac411f54-babb-51ea-87d8-b95531ebe7de,D.SDN2,I.HTBP,net_10.164.1.0/24 net_10.164.129.0/24 net_10.63.142.0/24 net_10.163.143.0/24,net_10.151.34.0/24 net_10.151.54.0/24,accept,always,TCP/22,enable,all,,sdn3-all,certificate-inspection,NCR-5259:2020_0622,,,,,
DTH1TBP,45,DSDS_HKATS_0024,df23d10a-babb-51ea-9a9d-15b07858bf32,D.CCI,I.HTBP,net_10.244.64.0/24 net_10.248.64.0/24,net_10.151.34.0/24 net_10.151.54.0/24 net_10.170.54.0/24,accept,always,TCP/22,enable,all,,sdn3-all,certificate-inspection,NCR-5259:2020_0622,,,,,
DTH1TBP,46,DSDS_HKATS_0025,134bd9b4-babc-51ea-dab1-54db011bb561,D.SDN2,I.PWTBP,net_10.164.1.0/24 net_10.164.129.0/24 net_10.63.142.0/24 net_10.163.143.0/24,net_10.151.58.0/24,accept,always,TCP/22,enable,all,,sdn3-all,certificate-inspection,NCR-5259:2020_0622,,,,,
DTH1TBP,47,DSDS_HKATS_0026,3e05eb68-babc-51ea-0446-e92ecbc87e2c,D.SDN2,X.HTBP,net_10.164.1.0/24 net_10.164.129.0/24 net_10.63.142.0/24 net_10.163.143.0/24,net_10.152.58.0/24,accept,always,TCP/22,enable,all,,sdn3-all,certificate-inspection,NCR-5259:2020_0622,,,,,
DTH1TBP,48,DSDS_HKATS_0027,8a320bfc-babc-51ea-282a-844f0a61dd35,D.CCI,I.PWTBP,net_10.244.64.0/24 net_10.248.64.0/24,net_10.151.58.0/24,accept,always,TCP/22,enable,all,,sdn3-all,certificate-inspection,NCR-5259:2020_0622,,,,,
DTH1TBP,49,DSDS_HKATS_0028,b1b85582-babc-51ea-8086-694134ea8795,D.CCI,I.HTBP,net_192.168.36.0/24,net_10.151.5.0/24,accept,always,TCP/12024-12027,enable,all,,sdn3-all,certificate-inspection,NCR-5259:2020_0622,,,,,
DTH1TBP,50,DSDS_HKATS_0031,d882f28a-babc-51ea-58ec-832f39e70e4f,D.CCI,I.PWTBP,net_192.168.36.0/24,range_10.151.14.101-102 range_10.151.14.155-157,accept,always,TCP/8082-8083 TCP/8090-8093 TCP/8443,enable,all,,sdn3-all,certificate-inspection,NCR-5259:2020_0622,,,,,
DTH1TBP,51,DSDS_HKATS_0032,05a53fe8-babd-51ea-e0c7-9bc0a39f042a,D.SDN2,I.HTBP,net_192.168.80.0/24,net_10.151.5.0/24,accept,always,TCP/12024-12027,enable,all,,sdn3-all,certificate-inspection,NCR-5259:2020_0622,,,,,
DTH1TBP,52,DSDS_HKATS_0033,40548252-babd-51ea-0e36-207c0b943636,D.SDN2,I.PWTBP,net_192.168.80.0/24,range_10.151.14.101-102 range_10.151.14.155-157,accept,always,TCP/8082-8083 TCP/8090-8093 TCP/8443,enable,all,,sdn3-all,certificate-inspection,NCR-5259:2020_0622,,,,,
DTH1TBP,53,DSDS_HKATS_0034,609f2fe4-babd-51ea-0516-09529cd33f29,I.PWTBP,I.HTBP,range_10.151.13.101-102 range_10.151.13.155-156,range_10.151.12.103-104 range_10.151.12.161-166,accept,always,TCP/18082-18083 TCP/32001-32004 TCP/33001-33004,enable,all,,sdn3-all,certificate-inspection,NCR-5259:2020_0622,,,,,
DTH1TBP,54,DSDS_HKATS_0035,8512b6a2-babd-51ea-b6b8-816f2ecbc43a,I.PWTBP,X.HTBP,range_10.151.13.101-102 range_10.151.13.155-156,range_10.152.12.103-104 range_10.152.12.161-166,accept,always,TCP/18082-18083 TCP/32001-32004 TCP/33001-33004,enable,all,,sdn3-all,certificate-inspection,NCR-5259:2020_0622,,,,,
DTH1TBP,55,DSDS_HKATS_0036,d3d2bc4c-babd-51ea-f702-15c0c17148c0,X.HTBP,I.HTBP,range_10.152.13.101-102 range_10.152.13.155-156,range_10.151.12.103-104 range_10.151.12.161-166,accept,always,TCP/18082-18083 TCP/32001-32004 TCP/33001-33004,enable,all,,sdn3-all,certificate-inspection,NCR-5259:2020_0622,,,,,
DTH1TBP,56,DSDS_HKATS_0037,3f61680a-babe-51ea-e565-06e14355b3ee,I.HTBP,I.PWTBP,range_10.151.12.103-104 range_10.151.12.161-166,range_10.151.13.101-102 range_10.151.13.155-156,accept,always,TCP/22 TCP/34001-34004,enable,all,,sdn3-all,certificate-inspection,NCR-5259:2020_0622,,,,,
DTH1TBP,57,DSDS_HKATS_0038,75eeb724-babe-51ea-571d-f6dfcafca213,I.HTBP,X.HTBP,range_10.151.12.103-104 range_10.151.12.161-166,range_10.152.13.101-102 range_10.152.13.155-156,accept,always,TCP/22 TCP/34001-34004,enable,all,,sdn3-all,certificate-inspection,NCR-5259:2020_0622,,,,,
DTH1TBP,58,DSDS_HKATS_0039,a49cea1e-babe-51ea-80dc-724487864060,X.HTBP,I.PWTBP,range_10.152.12.103-104 range_10.152.12.161-166,range_10.151.13.101-102 range_10.151.13.155-156,accept,always,TCP/22 TCP/34001-34004,enable,all,,sdn3-all,certificate-inspection,NCR-5259:2020_0622,,,,,
DTH1TBP,59,DSDS_HKATS_0040,d523cc34-babe-51ea-a8c6-82daca24979a,I.PWTBP,I.HTBP,host_10.151.13.157,host_10.151.12.171,accept,always,TCP/8081 TCP/8444,enable,all,,sdn3-all,certificate-inspection,NCR-5259:2020_0622,,,,,
DTH1TBP,60,DSDS_HKATS_0041,efa40eca-babe-51ea-ca3a-3e7874d4d763,I.PWTBP,X.HTBP,host_10.151.13.157,host_10.152.12.171,accept,always,TCP/8081 TCP/8444,enable,all,,sdn3-all,certificate-inspection,NCR-5259:2020_0622,,,,,
DTH1TBP,61,DSDS_HKATS_0042,010b7b12-babf-51ea-5d17-273a701d1e4b,X.HTBP,I.HTBP,host_10.152.13.157,host_10.151.12.171,accept,always,TCP/8081 TCP/8444,enable,all,,sdn3-all,certificate-inspection,NCR-5259:2020_0622,,,,,
DTH1TBP,62,DSDS_HKATS_0043,212086ae-babf-51ea-612a-a34ffccf9897,I.HTBP,I.PWTBP,host_10.151.12.171 host_10.151.12.37,host_10.151.13.157 range_10.151.13.101-102 range_10.151.13.155-156,accept,always,TCP/22,enable,all,,sdn3-all,certificate-inspection,NCR-5259:2020_0622,,,,,
DTH1TBP,63,DSDS_HKATS_0044,3de9d330-babf-51ea-2b9d-07df8510aab3,I.HTBP,X.HTBP,host_10.151.12.171 host_10.151.12.37,host_10.152.13.157 range_10.152.13.101-102 range_10.152.13.155-156,accept,always,TCP/22,enable,all,,sdn3-all,certificate-inspection,NCR-5259:2020_0622,,,,,
DTH1TBP,64,DSDS_HKATS_0045,550fa170-babf-51ea-8faa-97ee9b83ca86,X.HTBP,I.PWTBP,host_10.152.12.35 host_10.152.12.171,host_10.152.13.157 range_10.152.13.101-102 range_10.152.13.155-156,accept,always,TCP/22,enable,all,,sdn3-all,certificate-inspection,NCR-5259:2020_0622,,,,,
DTH1TBP,65,DSDS_HKATS_0046,af55efb2-bac0-51ea-c893-5dc061d654c8,D.CCI,I.HTBP,net_192.168.36.0/24,host_10.151.5.37,accept,always,TCP/22,enable,all,,sdn3-all,certificate-inspection,NCR-5259:2020_0622,,,,,
DTH1TBP,104,DSDS_HKATS_0046_2,800ffe7e-bdbc-51ea-3199-72b306a6d29d,D.SDN2,I.HTBP,net_192.168.80.0/24,host_10.151.5.37,accept,always,TCP/22,enable,all,disable,sdn3-all,certificate-inspection,,,,,,
DTH1TBP,66,DSDS_HKATS_0047,63a4e202-bac1-51ea-39f2-1b9bd12145d6,I.PWTBP,I.HTBP,range_10.151.58.101-102 range_10.151.58.155-157,host_10.151.54.37 host_10.151.54.86,accept,always,TCP/22,enable,all,,sdn3-all,certificate-inspection,NCR-5259:2020_0622,,,,,
DTH1TBP,67,DSDS_HKATS_0048,a960e25a-bac1-51ea-44c0-6f28f213573a,I.PWTBP,X.HTBP,range_10.151.58.101-102 range_10.151.58.155-157,host_10.152.54.35 host_10.152.54.99,accept,always,TCP/22,enable,all,,sdn3-all,certificate-inspection,NCR-5259:2020_0622,,,,,
DTH1TBP,68,DSDS_HKATS_0049,c58ce4ba-bac1-51ea-1ab5-dc44587e8be7,X.HTBP,I.HTBP,range_10.152.58.101-102 range_10.152.58.155-157,host_10.151.54.37 host_10.151.54.86,accept,always,TCP/22,enable,all,,sdn3-all,certificate-inspection,NCR-5259:2020_0622,,,,,
DTH1TBP,69,DSDS_HKATS_0050,dd76fa02-bac1-51ea-9c7b-c5f60368024c,D.SDN2,I.HTBP,net_192.176.4.0/24,host_10.151.54.86,accept,always,TCP/22,enable,all,,sdn3-all,certificate-inspection,NCR-5259:2020_0622,,,,,
DTH1TBP,70,DSDS_HKATS_0051,f604b230-bac1-51ea-d210-deae204fb141,D.SDN2,X.HTBP,net_192.176.4.0/24,host_10.152.54.99,accept,always,TCP/22,enable,all,,sdn3-all,certificate-inspection,NCR-5259:2020_0622,,,,,
DTH1TBP,71,DSDS_HKATS_0052,086f9070-bac2-51ea-e150-689d469e7b03,I.HTBP,D.CCI,host_10.151.54.37,host_10.245.126.180,accept,always,TCP/22,enable,all,,sdn3-all,certificate-inspection,NCR-5259:2020_0622,,,,,
DTH1TBP,72,DSDS_HKATS_0053,1eae0d44-bac2-51ea-b0e1-ab5366ecc007,I.HTBP,D.SDN2,net_10.151.25.0/24 net_10.151.5.0/24,range_10.241.151.41-42 range_10.241.51.41-42,accept,always,TCP/10022,enable,all,,sdn3-all,certificate-inspection,NCR-5259:2020_0622,,,,,
DTH1TBP,73,DSDS_HKATS_0054,40124108-bac2-51ea-9601-5072da4d6601,X.HTBP,D.SDN2,net_10.152.25.0/24 net_10.152.5.0/24,range_10.241.151.41-42 range_10.241.51.41-42,accept,always,TCP/10022,enable,all,,sdn3-all,certificate-inspection,NCR-5259:2020_0622,,,,,
DTH1TBP,74,DSDS_HKATS_0055,55858bbc-bac2-51ea-071d-b19aa32afb4a,D.SDN2,I.SMARTTBP,net_192.168.80.0/24,host_10.1.150.21,accept,always,TCP/3389,enable,all,,sdn3-all,certificate-inspection,NCR-5259:2020_0622,,,,,
DTH1TBP,75,DSDS_HKATS_0056,76119e3e-bac2-51ea-e710-3d4749a68d5c,I.HTBP,D.SDN2,host_10.151.5.38 host_10.151.5.86,host_10.63.107.108,accept,always,TCP/29109-29110,enable,all,,sdn3-all,certificate-inspection,NCR-5259:2020_0622,,,,,
DTH1TBP,76,DSDS_HKATS_0057,934e3ffc-bac2-51ea-f939-3ac0db4085c5,X.HTBP,D.SDN2,host_10.152.5.36 host_10.152.5.99,host_10.63.107.108,accept,always,TCP/29109-29110,enable,all,,sdn3-all,certificate-inspection,NCR-5259:2020_0622,,,,,
DTH1TBP,77,DSDS_HKATS_0058,a4fe74a6-bac2-51ea-1d54-255fb1272aec,I.HTBP,D.SDN2,host_10.151.5.86 range_10.151.5.37-38,host_10.161.5.199,accept,always,TCP/22,enable,all,,sdn3-all,certificate-inspection,NCR-5259:2020_0622,,,,,
DTH1TBP,78,DSDS_HKATS_0059,bd63e170-bac2-51ea-b197-e65957b1bbf7,X.HTBP,D.SDN2,host_10.152.5.99 range_10.152.5.35-36,host_10.161.5.199,accept,always,TCP/22,enable,all,,sdn3-all,certificate-inspection,NCR-5259:2020_0622,,,,,
DTH1TBP,79,DSDS_HKATS_0060,f46fe89e-bac2-51ea-6f2d-8a814e9359e0,D.SDN2,I.PWTBP,net_10.163.143.0/24 net_10.63.142.0/24,range_10.151.58.101-102 range_10.151.58.155-157,accept,always,TCP/8082-8083 TCP/8090-8093 TCP/8443,enable,all,,sdn3-all,certificate-inspection,NCR-5259:2020_0622,,,,,
DTH1TBP,80,DSDS_HKATS_0061,1718d57c-bac3-51ea-aae1-e73a7b6ed9f4,D.SDN2,X.HTBP,net_10.163.143.0/24 net_10.63.142.0/24,range_10.152.58.101-102 range_10.152.58.155-157,accept,always,TCP/8082-8083 TCP/8090-8093 TCP/8443,enable,all,,sdn3-all,certificate-inspection,NCR-5259:2020_0622,,,,,
DTH1TBP,81,DSDS_HKATS_0062,353b9f62-bac3-51ea-407d-54f45044c142,D.SDN2,I.HTBP,net_10.163.143.0/24 net_10.63.142.0/24,range_10.151.54.133-138 range_10.151.54.53-77 range_10.151.54.80-83,accept,always,TCP/12024-12027,enable,all,,sdn3-all,certificate-inspection,NCR-5259:2020_0622,,,,,
DTH1TBP,82,DSDS_HKATS_0063,52e7a90c-bac3-51ea-8157-79dcf3dcc348,D.SDN2,X.HTBP,net_10.163.143.0/24 net_10.63.142.0/24,host_10.152.54.79 range_10.151.54.82-85 range_10.152.54.43-46 range_10.152.54.59-76,accept,always,TCP/12024-12027,enable,all,,sdn3-all,certificate-inspection,NCR-5259:2020_0622,,,,,
DTH1TBP,83,DSDS_HKATS_0064,88af842e-bac3-51ea-8b30-22ad6ab6890a,D.SDN2,I.HTBP,net_10.163.143.0/24 net_10.63.142.0/24,host_10.151.54.86,accept,always,TCP/14030 TCP/22,enable,all,,sdn3-all,certificate-inspection,NCR-5259:2020_0622,,,,,
DTH1TBP,84,DSDS_HKATS_0065,b36fa61c-bac3-51ea-968a-7ca2e7bda383,D.SDN2,X.HTBP,net_10.163.143.0/24 net_10.63.142.0/24,host_10.152.54.99,accept,always,TCP/14030 TCP/22,enable,all,,sdn3-all,certificate-inspection,NCR-5259:2020_0622,,,,,
DTH1TBP,85,DSDS_HKATS_0066,c41318f0-bac3-51ea-f732-2eabfdd8c53f,D.CCI,I.HTBP,net_10.244.128.0/24 net_10.248.128.0/24,range_10.151.5.75-77,accept,always,TCP/12024-12027,enable,all,,sdn3-all,certificate-inspection,NCR-5259:2020_0622,,,,,
DTH1TBP,86,DSDS_HKATS_0067,dc93e936-bac3-51ea-6e4d-15bc26caf29f,I.HTBP,D.CCI,host_10.151.54.37 host_10.151.54.75 host_10.151.54.86,host_10.245.126.180,accept,always,TCP/22,enable,all,,sdn3-all,certificate-inspection,NCR-5259:2020_0622,,,,,
DTH1TBP,87,DSDS_HKATS_0068,fc5493f6-bac3-51ea-8cb0-568f74da91ed,D.CCI,I.HTBP,net_192.168.36.0/24,host_10.151.5.37,accept,always,TCP/3010,enable,all,,sdn3-all,certificate-inspection,NCR-5259:2020_0622,,,,,
DTH1TBP,105,DSDS_HKATS_0068_2,9eb4c508-bdbc-51ea-8d43-c6c7872ad9e9,D.SDN2,I.HTBP,net_192.168.80.0/24,host_10.151.5.37,accept,always,TCP/3010,enable,all,disable,sdn3-all,certificate-inspection,,,,,,
DTH1TBP,88,DSDS_HKATS_0069,14df1ad6-bac4-51ea-8838-776dcdf4fa08,D.CCI,I.HTBP,net_192.168.36.0/24,range_10.151.54.133-138 range_10.151.54.53-77 range_10.151.54.80-83,accept,always,TCP/12024-12027,enable,all,,sdn3-all,certificate-inspection,NCR-5259:2020_0622,,,,,
DTH1TBP,89,DSDS_HKATS_0070,29084d20-bac4-51ea-6e29-a4ab4c7f88ed,D.CCI,I.PWTBP,net_192.168.36.0/24,range_10.151.14.101-102 range_10.151.14.155-157,accept,always,TCP/8082-8083 TCP/8090-8093 TCP/8443,enable,all,,sdn3-all,certificate-inspection,NCR-5259:2020_0622,,,,,
DTH1TBP,90,DSDS_HKATS_0071,794d8868-bac4-51ea-4245-252ae5115cbb,D.CCI,I.PWTBP,net_192.168.36.0/24,host_10.151.14.157,accept,always,TCP/8443,enable,all,,sdn3-all,certificate-inspection,NCR-5259:2020_0622,,,,,
DTH1TBP,91,DSDS_HKATS_0072,8d4adcd0-bac4-51ea-85c0-4674b927e386,D.CCI,I.HTBP,net_192.168.36.0/24,host_10.151.5.37,accept,always,TCP/22 TCP/3010,enable,all,,sdn3-all,certificate-inspection,NCR-5259:2020_0622,,,,,
DTH1TBP,92,DSDS_HKATS_0073,ad3a27d0-bac4-51ea-def8-b9ded1b0b13c,D.SDN2,I.HTBP,net_172.24.4.0/24,range_10.151.5.75-77,accept,always,TCP/12024-12027,enable,all,,sdn3-all,certificate-inspection,NCR-5259:2020_0622,,,,,
DTH1TBP,93,DSDS_HKATS_0074,d3849eb6-bac4-51ea-4567-183620457d94,D.SDN2,X.HTBP,net_172.24.4.0/24,host_10.152.5.79 range_10.152.5.45-46,accept,always,TCP/12024-12027,enable,all,,sdn3-all,certificate-inspection,NCR-5259:2020_0622,,,,,
DTH1TBP,94,DSDS_HKATS_0075,e990be2e-bac4-51ea-d575-ec6cd8e9e658,D.SDN2,I.HTBP,net_172.24.4.0/24,host_10.151.5.171,accept,always,TCP/22,enable,all,,sdn3-all,certificate-inspection,NCR-5259:2020_0622,,,,,
DTH1TBP,95,DSDS_HKATS_0076,fac47d98-bac4-51ea-2ea0-0330b57fab3a,D.SDN2,X.HTBP,net_172.24.4.0/24,host_10.152.5.171,accept,always,TCP/22,enable,all,,sdn3-all,certificate-inspection,NCR-5259:2020_0622,,,,,
DTH1TBP,96,DSDS_HKATS_0077,08c63a30-bac5-51ea-114d-09b7cefb0751,D.SDN2,I.HTBP,net_10.161.5.0/24 net_10.162.5.0/24 net_10.170.33.0/24 net_10.170.43.0/24,range_10.151.5.75-77,accept,always,TCP/12024-12027,enable,all,,sdn3-all,certificate-inspection,NCR-5259:2020_0622,,,,,
DTH1TBP,97,DSDS_HKATS_0078,2897d986-bac5-51ea-f398-4ebfe882c9e7,D.SDN2,I.HTBP,net_10.161.5.0/24 net_10.162.5.0/24 net_10.170.33.0/24 net_10.170.43.0/24,host_10.152.5.79 range_10.152.5.45-46,accept,always,TCP/12024-12027,enable,all,,sdn3-all,certificate-inspection,NCR-5259:2020_0622,,,,,
DTH1TBP,98,DSDS_HKATS_0079,43f070bc-bac5-51ea-17fe-70c703233a39,I.SMARTTBP,I.HTBP,net_10.1.150.0/24,range_10.151.5.75-77,accept,always,TCP/12024-12027,enable,all,,sdn3-all,certificate-inspection,NCR-5259:2020_0622,,,,,
DTH1TBP,101,DSDS_HKATS_0080,61018592-bac5-51ea-5eac-a31ed149230b,I.SMARTTBP,X.HTBP,net_10.1.150.0/24,host_10.152.5.79 range_10.152.5.45-46,accept,always,TCP/12024-12027,enable,all,,sdn3-all,certificate-inspection,NCR-5259:2020_0622,,,,,
DTH1TBP,102,DSDS_HKATS_0081,764b0a36-bac5-51ea-a567-200c76d018d1,I.HTBP,D.SDN2,host_10.151.5.37,net_10.161.5.0/24 net_10.162.5.0/24 net_10.170.33.0/24 net_10.170.43.0/24,accept,always,TCP/22,enable,all,,sdn3-all,certificate-inspection,NCR-5259:2020_0622,,,,,
DTH1TBP,103,DSDS_HKATS_0082,97ad75f6-bac5-51ea-b36b-ead1d9c6319e,X.HTBP,D.SDN2,host_10.152.5.35,net_10.161.5.0/24 net_10.162.5.0/24 net_10.170.33.0/24 net_10.170.43.0/24,accept,always,TCP/22,enable,all,,sdn3-all,certificate-inspection,NCR-5259:2020_0622,,,,,
DTH1TBP,106,WIN_HKATS_5001,e9d68d84-bdbf-51ea-9cd8-74e778183ac1,I.SMARTTBP,D.CCI,net_10.1.153.0/24,host_10.245.79.99,accept,always,PORT_PATCH_MGT TCP/3389,enable,all,disable,sdn3-all,certificate-inspection,NCR-5407:2020_0704,,,,,
DTH1TBP,107,WIN_HKATS_5002,276435e8-bdc0-51ea-a11d-f4e8c09f1397,D.CCI,I.SMARTTBP,host_10.245.79.99,net_10.1.153.0/24,accept,always,PORT_PATCH_MGT TCP/3389,enable,all,,sdn3-all,certificate-inspection,NCR-5407:2020_0704,,,,,
DTH1TBP,108,WIN_HKATS_5003,6dd95562-bdc0-51ea-bfab-faf912642e0b,I.SMARTTBP,D.CCI,net_10.1.153.0/24,range_10.245.127.83-84,accept,always,TCP/1688,enable,all,,sdn3-all,certificate-inspection,NCR-5407:2020_0704,,,,,
DTH1TBP,109,WIN_HKATS_5004,94ffb5d2-bdc0-51ea-be1a-7d7903eda65b,I.SMARTTBP,D.CCI,net_10.1.153.0/24,NetGp_AD,accept,always,PORT_AD_TCP PORT_AD_UDP,enable,all,,sdn3-all,certificate-inspection,NCR-5407:2020_0704,,,,,
DTH1TBP,110,WIN_HKATS_5005,bc81a7c8-bdc0-51ea-7d03-9c05e1f007db,D.CCI,I.SMARTTBP,NetGp_AD,net_10.1.153.0/24,accept,always,PORT_AD_TCP PORT_AD_UDP,enable,all,,sdn3-all,certificate-inspection,NCR-5407:2020_0704,,,,,
DTH1TBP,111,WIN_HKATS_5006,d8cd5882-bdc0-51ea-fce1-81f73b1972a0,I.SMARTTBP,D.SDN2,net_10.1.153.0/24,NetGp_TIME_SERVER,accept,always,UDP/123,enable,all,,sdn3-all,certificate-inspection,NCR-5407:2020_0704,,,,,
DTH1TBP,112,WIN_HKATS_5007,1b75447e-bdc1-51ea-3ab9-677a3e1da28d,D.CCI,I.SMARTTBP,NetGp_WIN_JUMPNODE,net_10.1.153.0/24,accept,always,PORT_HP_ILO,enable,all,,sdn3-all,certificate-inspection,NCR-5407:2020_0704,,,,,
DTH1TBP,113,WIN_HKATS_5008,3c322f60-bdc1-51ea-41a1-e1a73a993f17,I.SMARTTBP,D.CCI,net_10.1.153.0/24,NetGp_SCOM,accept,always,PORT_SCOM,enable,all,,sdn3-all,certificate-inspection,NCR-5407:2020_0704,,,,,
DTH1TBP,114,WIN_HKATS_5009,ae7daf2c-bdc1-51ea-df80-7322091c9b63,I.SMARTTBP,D.CCI,net_10.1.153.0/24,NetGp_SCCM,accept,always,PORT_SCCM,enable,all,,sdn3-all,certificate-inspection,NCR-5407:2020_0704,,,,,
DTH1TBP,115,WIN_HKATS_5010,e5311cf2-bdc1-51ea-b10f-ce31fbd76049,I.SMARTTBP,D.CCI,net_10.1.153.0/24,host_10.245.127.67 host_10.249.127.51,accept,always,PORT_TRENDMICRO,enable,all,,sdn3-all,certificate-inspection,NCR-5407:2020_0704,,,,,
DTH1TBP,116,WIN_HKATS_5011,0c7da500-bdc2-51ea-62a0-edccf5678421,D.CCI,I.SMARTTBP,host_10.245.127.67 host_10.249.127.51,net_10.1.153.0/24,accept,always,PORT_TRENDMICRO,enable,all,,sdn3-all,certificate-inspection,NCR-5407:2020_0704,,,,,
DTH1TBP,117,WIN_HKATS_5012,39dd75de-bdc2-51ea-b517-3c4c22169687,D.CCI,I.SMARTTBP,range_10.193.46.21-23 NetGp_CCI_CO_JUMPNODE,net_10.1.153.0/24,accept,always,TCP/3389,enable,all,,sdn3-all,certificate-inspection,NCR-5407:2020_0704,,,,,
DTH1TBP,118,WIN_HKATS_5013,3d5f9ed0-bdc2-51ea-16d3-c48c1cbf5c49,D.SDN2,I.SMARTTBP,NetGp_CO_JUMPNODE,net_10.1.153.0/24,accept,always,PORT_HP_ILO,enable,all,,sdn3-all,certificate-inspection,NCR-5407:2020_0704,,,,,
DTH1TBP,119,SOTC_SMARTS_0001,f8365c5a-c284-51ea-54e3-3842a1dec286,D.CCI,I.SMARTTBP,net_192.168.234.0/24 net_192.168.237.0/24 net_192.168.70.0/24 net_192.168.86.0/24 net_192.168.90.0/24,host_10.1.150.21,accept,always,TCP/3389,enable,all,,sdn3-all,certificate-inspection,NCR-5474:2020_0710,,,,,
DTH1TBP,120,SOTC_SMARTS_0003,25c999de-c285-51ea-a63a-d75a62f056e9,I.SMARTTBP,D.OTPC,net_10.1.150.0/24,net_10.70.12.0/24,accept,always,TCP/61001-61002 TCP/62001-62004,enable,all,,sdn3-all,certificate-inspection,NCR-5474:2020_0710,,,,,
DTH1TBP,121,SOTC_SMARTS_0005,4c82e68e-c285-51ea-a7d4-a0417d5b6177,D.OTPC,I.SMARTTBP,net_10.70.12.0/24,net_10.1.150.0/24,accept,always,TCP/22,enable,all,,sdn3-all,certificate-inspection,NCR-5474:2020_0710,,,,,
DTH1TBP,122,SOTC_SMARTS_0006,4a54c222-c287-51ea-60a9-1e21d9577dec,I.SMARTTBP,D.SDN2,net_10.1.150.0/24,net_10.204.130.0/24 net_10.204.131.0/24,accept,always,TCP/21 TCP/6800,enable,all,,sdn3-all,certificate-inspection,NCR-5474:2020_0710,,,,,
DTH1TBP,123,SOTC_SMARTS_0007,825b0ec4-c287-51ea-ed9a-098457a3bea1,X.HTBP,D.SDN2,net_10.2.150.0/24,net_10.204.130.0/24 net_10.204.131.0/24,accept,always,TCP/21 TCP/6800,enable,all,,sdn3-all,certificate-inspection,NCR-5474:2020_0710,,,,,
DTH1TBP,124,SOTC_SMARTS_0008,99eba468-c287-51ea-d24b-8b27dd98bb17,I.SMARTTBP,D.CCI,host_10.1.150.21,host_10.244.192.75,accept,always,TCP/1435,enable,all,,sdn3-all,certificate-inspection,NCR-5474:2020_0710,,,,,
DTH1TBP,125,SOTC_SMARTS_0010,b41737f8-c287-51ea-9ce0-f44622793f12,I.SMARTTBP,D.CCI,host_10.1.150.21,host_10.244.240.15,accept,always,TCP/139 TCP/445,enable,all,,sdn3-all,certificate-inspection,NCR-5474:2020_0710,,,,,
DTH1TBP,126,SOTC_SMARTS_0011,cc9657aa-c287-51ea-c05b-565030403c83,D.CCI,I.SMARTTBP,host_10.244.192.17,net_10.1.150.0/24,accept,always,TCP/22,enable,all,,sdn3-all,certificate-inspection,NCR-5474:2020_0710,,,,,
DTH1TBP,127,SOTC_SMARTS_0013,e9e044ba-c287-51ea-5525-d928df876003,I.SMARTTBP,D.CCI,net_10.1.150.0/24,host_10.244.192.161,accept,always,TCP/1433-1434,enable,all,,sdn3-all,certificate-inspection,NCR-5474:2020_0710,,,,,
DTH1TBP,128,SOTC_SMARTS_0015,ff72e8f0-c287-51ea-1c14-bfae8280284e,I.SMARTTBP,D.OTPC,net_10.1.150.0/24,host_10.70.12.200 host_10.70.14.61,accept,always,TCP/22,enable,all,,sdn3-all,certificate-inspection,NCR-5474:2020_0710,,,,,
DTH1TBP,129,SOTC_SMARTS_0017,19935d46-c288-51ea-0865-75eddebeac21,I.SMARTTBP,D.OTPC,net_10.1.150.0/24,host_10.244.192.59,accept,always,TCP/1433-1435,enable,all,,sdn3-all,certificate-inspection,NCR-5474:2020_0710,,,,,
DTH1TBP,130,SOTC_SMARTS_0019,326ffa72-c288-51ea-e767-2bc574b8ce16,I.SMARTTBP,D.OTPC,net_10.1.150.0/24,host_10.1.125.103 host_10.1.125.15,accept,always,TCP/22,enable,all,,sdn3-all,certificate-inspection,NCR-5474:2020_0710,,,,,
DTH1TBP,131,SOTC_SMARTS_0022,4178ab9a-c288-51ea-cbbe-39e071ba05f7,D.CCI,I.SMARTTBP,net_10.193.46.0/24,host_10.1.150.21,accept,always,TCP/3389,enable,all,,sdn3-all,certificate-inspection,NCR-5474:2020_0710,,,,,
DTH1TBP,132,SOTC_SMARTS_0023,57b2c9fe-c288-51ea-686e-1444115a9739,D.SDN2,I.SMARTTBP,net_10.18.113.0/24,net_10.1.150.0/24,accept,always,TCP/22,enable,all,,sdn3-all,certificate-inspection,NCR-5474:2020_0710,,,,,
DTH1TBP,133,SOTC_SMARTS_0024,6fbbfe76-c288-51ea-4f71-9d3d0547a7e2,D.SDN2,X.HTBP,net_10.18.113.0/24,net_10.2.150.0/24,accept,always,TCP/22,enable,all,,sdn3-all,certificate-inspection,NCR-5474:2020_0710,,,,,
DTH1TBP,134,SOTC_SMARTS_0025,8175a69e-c288-51ea-8cf8-b7a7fc654909,I.SMARTTBP,D.SDN2,host_10.1.150.21,net_10.18.113.0/24,accept,always,TCP/22 TCP/8025 TCP/8026 TCP/8028 TCP/8032,enable,all,,sdn3-all,certificate-inspection,NCR-5474:2020_0710,,,,,
DTH1TBP,135,SOTC_SMARTS_0026,9bdd3a38-c288-51ea-ffe1-93e1ae59b788,X.HTBP,D.SDN2,host_10.2.150.21 host_10.2.150.27,net_10.18.113.0/24,accept,always,TCP/22 TCP/8025 TCP/8026 TCP/8028 TCP/8032,enable,all,,sdn3-all,certificate-inspection,NCR-5474:2020_0710,,,,,
DTH1TBP,136,SOTC_SMARTS_0027,b487053c-c288-51ea-8802-3a08dc59680a,D.SDN2,I.SMARTTBP,host_10.216.111.13,host_10.1.150.122 host_10.1.150.21,accept,always,TCP/8099,enable,all,,sdn3-all,certificate-inspection,NCR-5474:2020_0710,,,,,
DTH1TBP,137,SOTC_SMARTS_0029,ceca7d84-c288-51ea-46d2-20f368a23a8e,D.SDN2,I.SMARTTBP,net_10.193.46.0/24,host_10.1.153.21,accept,always,TCP/3389,enable,all,,sdn3-all,certificate-inspection,NCR-5474:2020_0710,,,,,
DTH1TBP,138,SOTC_SMARTS_0030,e5a163ec-c288-51ea-7abb-242f39b69b7a,I.SMARTTBP,D.CCI,net_10.1.150.0/24,net_10.244.128.0/24 host_10.244.129.41 host_10.248.129.41,accept,always,TCP/22,enable,all,,sdn3-all,certificate-inspection,NCR-5474:2020_0710,,,,,
DTH1TBP,11,Tester_vlan99_to_vl703,6e0718c4-967b-51ea-87c4-cab88631e90d,D.OTPC,I.HTBP,10.1.1.0/24,net_10.151.54.0/24,accept,always,ALL,,all,,,,,,,,,
DTH1TBP,12,Tester_vl703_to_vl99,6e23b808-967b-51ea-a461-144b0dcfb48e,I.HTBP,D.OTPC,net_10.151.54.0/24,10.1.1.0/24,accept,always,ALL,,all,,,,,,,,,
DTH1TBP,99,allow-all-ping,739d61f8-967b-51ea-09c6-80763ff9341d,any,any,all,all,accept,always,ALL_ICMP,enable,all,,sdn3-all,certificate-inspection,,,,,,
DTH1TBP,100,allow-all,73c7a418-967b-51ea-71c6-34263711891d,any,any,all,all,accept,always,ALL,enable,all,,sdn3-all,certificate-inspection,,,,,,disable
