vdom,id,name,uuid,srcintf,dstintf,srcaddr,dstaddr,action,schedule,service,utm-status,logtraffic,fsso,ips-sensor,ssl-ssh-profile,comments,logtraffic-start,status
DEH1DEV,1,allow-all-ping,5276c5f2-b2f3-51ea-a621-abbde0a5a2ec,any,any,all,all,accept,always,ALL_ICMP,enable,all,disable,sdn3-all,certificate-inspection,,,
DEH1HKATS1,1,LIN_Genium_5001,2e7bae7e-933b-51ea-d66e-eed903dc0e04,I.HKATS,D.CCI,net_10.152.54.0/24 net_10.170.64.0/24,NetGp_BMC_SERVER,accept,always,Port_to_BMC,enable,all,,sdn3-all,certificate-inspection,NCR-5027:2020_0506,,
DEH1HKATS1,2,LIN_Genium_5002,2ea808d4-933b-51ea-579d-377a354614b1,D.CCI,I.HKATS,NetGp_BMC_SERVER,net_10.152.54.0/24 net_10.170.64.0/24,accept,always,Port_from_BMC,enable,all,,sdn3-all,certificate-inspection,NCR-5027:2020_0506,,
DEH1HKATS1,3,LIN_Genium_5003,2ecf66ea-933b-51ea-2921-6c74f1212284,I.HKATS,D.SDN2,net_10.152.54.0/24 net_10.170.64.0/24,NetGp_TIME_SERVER,accept,always,UDP/123,enable,all,,sdn3-all,certificate-inspection,NCR-5027:2020_0506,,
DEH1HKATS1,13,LIN_Genium_5003_2,4734089a-9402-51ea-49fc-1aae61130b1c,X.HKATS,D.SDN2,net_10.151.54.0/24 net_10.170.54.0/24,NetGp_TIME_SERVER,accept,always,UDP/123,enable,all,,sdn3-all,certificate-inspection,NCR-5027:2020_0506,,
DEH1HKATS1,4,LIN_Genium_5004,2ef53ece-933b-51ea-2ce5-4de5fc1c3b5b,D.SDN2,I.HKATS,host_10.164.1.21 host_10.164.1.26 host_10.164.1.27 host_10.164.129.21 host_10.164.130.26 net_10.163.142.0/24 net_10.163.143.0/24 net_10.63.142.0/24,net_10.152.54.0/24 net_10.170.64.0/24,accept,always,PORT_HP_ILO,enable,all,,sdn3-all,certificate-inspection,NCR-5027:2020_0506,,
DEH1HKATS1,14,LIN_Genium_5004_2,5d712b4c-9402-51ea-c165-37b997774e90,D.SDN2,X.HKATS,host_10.164.1.21 host_10.164.1.26 host_10.164.1.27 host_10.164.129.21 host_10.164.130.26 net_10.163.142.0/24 net_10.163.143.0/24 net_10.63.142.0/24,net_10.151.54.0/24 net_10.170.54.0/24,accept,always,PORT_HP_ILO,enable,all,,sdn3-all,certificate-inspection,NCR-5027:2020_0506,,
DEH1HKATS1,5,LIN_Genium_5005,2f19fdfe-933b-51ea-585c-67514f53b8d8,D.CCI,I.HKATS,host_10.244.130.6 host_10.248.64.43 net_10.245.127.0/24 net_10.245.132.0/24 net_10.249.127.0/24 net_10.249.132.0/24 host_10.244.64.43,net_10.152.54.0/24 net_10.170.64.0/24,accept,always,TCP/22,enable,all,,sdn3-all,certificate-inspection,NCR-5027:2020_0506,,
DEH1HKATS1,6,LIN_Genium_5006,2f444514-933b-51ea-1381-8c7e5c5072b4,I.HKATS,D.SDN2,net_10.152.54.0/24 net_10.170.64.0/24,host_10.164.1.21 host_10.164.129.21,accept,always,TCP/80,enable,all,,sdn3-all,certificate-inspection,NCR-5027:2020_0506,,
DEH1HKATS1,16,LIN_Genium_5006_2,8583bc9e-9402-51ea-333d-fb725cecd40d,X.HKATS,D.SDN2,net_10.151.54.0/24 net_10.170.54.0/24,host_10.164.1.21 host_10.164.129.21,accept,always,TCP/80,enable,all,,sdn3-all,certificate-inspection,NCR-5027:2020_0506,,
DEH1HKATS1,7,LIN_Genium_5007,2f6a4c1e-933b-51ea-5367-c299bac41f60,D.CCI,I.HKATS,host_10.244.64.88,net_10.152.54.0/24,accept,always,Port_SEPM,enable,all,,sdn3-all,certificate-inspection,NCR-5027:2020_0506,,
DEH1HKATS1,8,LIN_Genium_5008,2f90ff30-933b-51ea-3212-b3feed997ed3,I.HKATS,D.CCI,net_10.152.54.0/24 net_10.170.64.0/24,host_10.244.64.88,accept,always,Port_SEPM,enable,all,,sdn3-all,certificate-inspection,NCR-5027:2020_0506,,
DEH1HKATS1,15,LIN_Genium_5009,acb9cbf8-94e5-51ea-c57f-84945abd96c7,I.PTRMW,D.CCI,net_10.152.58.0/24,NetGp_BMC_SERVER,accept,always,Port_to_BMC,enable,all,,sdn3-all,certificate-inspection,NCR-5027:2020_0506,,
DEH1HKATS1,17,LIN_Genium_5010,ba2b20e8-94e5-51ea-707d-0799129582c5,D.CCI,I.PTRMW,NetGp_BMC_SERVER,net_10.152.58.0/24,accept,always,Port_from_BMC,enable,all,,sdn3-all,certificate-inspection,NCR-5027:2020_0506,,
DEH1HKATS1,18,LIN_Genium_5011,ba56c6b2-94e5-51ea-e98c-18d38b966d5f,I.PTRMW,D.SDN2,net_10.152.58.0/24,NetGp_TIME_SERVER,accept,always,UDP/123,enable,all,,sdn3-all,certificate-inspection,NCR-5027:2020_0506,,
DEH1HKATS1,19,LIN_Genium_5012,ba7d3cfc-94e5-51ea-93a4-8ee85172f23b,X.HKATS,D.SDN2,net_10.151.58.0/24,NetGp_TIME_SERVER,accept,always,UDP/123,enable,all,,sdn3-all,certificate-inspection,NCR-5027:2020_0506,,
DEH1HKATS1,20,LIN_Genium_5013,baa27832-94e5-51ea-641f-ac10e4ce2bc7,D.SDN2,I.PTRMW,host_10.164.1.21 host_10.164.1.26 host_10.164.1.27 host_10.164.129.21 host_10.164.130.26 net_10.163.142.0/24 net_10.163.143.0/24 net_10.63.142.0/24,net_10.152.58.0/24,accept,always,PORT_HP_ILO,enable,all,,sdn3-all,certificate-inspection,NCR-5027:2020_0506,,
DEH1HKATS1,21,LIN_Genium_5014,bac9e868-94e5-51ea-fb30-a119cbefc6e3,D.SDN2,X.HKATS,host_10.164.1.21 host_10.164.1.26 host_10.164.1.27 host_10.164.129.21 host_10.164.130.26 net_10.163.142.0/24 net_10.163.143.0/24 net_10.63.142.0/24,net_10.151.58.0/24,accept,always,PORT_HP_ILO,enable,all,,sdn3-all,certificate-inspection,NCR-5027:2020_0506,,
DEH1HKATS1,22,LIN_Genium_5015,baf003cc-94e5-51ea-a578-b643ac6975a2,D.CCI,I.PTRMW,host_10.244.130.6 host_10.248.64.43 net_10.245.127.0/24 net_10.245.132.0/24 net_10.249.127.0/24 net_10.249.132.0/24 host_10.244.64.43,net_10.152.58.0/24,accept,always,TCP/22,enable,all,,sdn3-all,certificate-inspection,NCR-5027:2020_0506,,
DEH1HKATS1,23,LIN_Genium_5016,bb156306-94e5-51ea-f88d-c4a9c9a9de46,I.PTRMW,D.SDN2,net_10.152.58.0/24,host_10.164.1.21 host_10.164.129.21,accept,always,TCP/80,enable,all,,sdn3-all,certificate-inspection,NCR-5027:2020_0506,,
DEH1HKATS1,24,LIN_Genium_5017,bb3ca524-94e5-51ea-8270-bfa82e1acfe6,X.HKATS,D.SDN2,net_10.151.58.0/24,host_10.164.1.21 host_10.164.129.21,accept,always,TCP/80,enable,all,,sdn3-all,certificate-inspection,NCR-5027:2020_0506,,
DEH1HKATS1,25,LIN_Genium_5018,bb611a26-94e5-51ea-f0a8-7ed1ca296469,D.CCI,I.PTRMW,host_10.244.64.88,net_10.152.58.0/24,accept,always,Port_SEPM,enable,all,,sdn3-all,certificate-inspection,NCR-5027:2020_0506,,
DEH1HKATS1,26,LIN_Genium_5019,cb390698-94e5-51ea-9ac5-f80a272aec0d,I.PTRMW,D.CCI,net_10.152.58.0/24,host_10.244.64.88,accept,always,Port_SEPM,enable,all,,sdn3-all,certificate-inspection,NCR-5027:2020_0506,,
DEH1HKATS1,27,WIN_HKATS_5001,4b3fb5bc-94e6-51ea-afea-61d4c3e9efdb,I.SMARTS,D.CCI,net_10.2.153.0/24,host_10.245.79.99,accept,always,PORT_PATCH_MGT TCP/3389,enable,all,,sdn3-all,certificate-inspection,NCR-5136:2020_0512,,
DEH1HKATS1,28,WIN_HKATS_5002,97d61e8e-94eb-51ea-e49a-c93f9906ace8,D.CCI,I.SMARTS,host_10.245.79.99,net_10.2.153.0/24,accept,always,PORT_PATCH_MGT TCP/3389,enable,all,,sdn3-all,certificate-inspection,NCR-5136:2020_0512,,
DEH1HKATS1,29,WIN_HKATS_5003,c83b9e0a-94eb-51ea-c194-408467fc2e5e,I.SMARTS,D.CCI,net_10.2.153.0/24,range_10.245.127.83-84,accept,always,TCP/1688,enable,all,,sdn3-all,certificate-inspection,NCR-5136:2020_0512,,
DEH1HKATS1,30,WIN_HKATS_5004,8682a2d4-9526-51ea-539d-45391532f0d6,I.SMARTS,D.CCI,net_10.2.153.0/24,NetGp_AD,accept,always,PORT_AD_TCP PORT_AD_UDP,enable,all,,sdn3-all,certificate-inspection,NCR-5136:2020_0512,,
DEH1HKATS1,31,WIN_HKATS_5005,afcbd5ca-9526-51ea-697a-91808cd76269,D.CCI,I.SMARTS,NetGp_AD,net_10.2.153.0/24,accept,always,PORT_AD_TCP PORT_AD_UDP,enable,all,,sdn3-all,certificate-inspection,NCR-5136:2020_0512,,
DEH1HKATS1,32,WIN_HKATS_5006,e4de29d4-9526-51ea-6cc7-f4195d7cad84,I.SMARTS,D.SDN2,net_10.2.153.0/24,NetGp_TIME_SERVER,accept,always,UDP/123,enable,all,,sdn3-all,certificate-inspection,NCR-5136:2020_0512,,
DEH1HKATS1,33,WIN_HKATS_5007,e5099a74-9526-51ea-46f5-63d2a50013fd,D.CCI,I.SMARTS,NetGp_WIN_JUMPNODE,net_10.2.153.0/24,accept,always,PORT_HP_ILO,enable,all,,sdn3-all,certificate-inspection,NCR-5136:2020_0512,,
DEH1HKATS1,34,WIN_HKATS_5008,e52f83b0-9526-51ea-ba47-6c1223f047d3,I.SMARTS,D.CCI,net_10.2.153.0/24,NetGp_SCOM,accept,always,PORT_SCOM,enable,all,,sdn3-all,certificate-inspection,NCR-5136:2020_0512,,
DEH1HKATS1,35,WIN_HKATS_5010,e5555dc4-9526-51ea-d894-ca25f418ebab,I.SMARTS,D.CCI,net_10.2.153.0/24,host_10.245.127.67 host_10.249.127.51,accept,always,PORT_TRENDMICRO,enable,all,,sdn3-all,certificate-inspection,NCR-5136:2020_0512,,
DEH1HKATS1,36,WIN_HKATS_5011,e57b6aa0-9526-51ea-f9d7-0db89e7fb8d5,D.CCI,I.SMARTS,host_10.245.127.67 host_10.249.127.51,net_10.2.153.0/24,accept,always,PORT_TRENDMICRO,enable,all,,sdn3-all,certificate-inspection,NCR-5136:2020_0512,,
DEH1HKATS1,37,WIN_HKATS_5012,e5a253d6-9526-51ea-4abe-1d29d13c753c,D.CCI,I.SMARTS,NetGp_CCI_CO_JUMPNODE,net_10.2.153.0/24,accept,always,TCP/3389,enable,all,,sdn3-all,certificate-inspection,NCR-5136:2020_0512,,
DEH1HKATS1,38,WIN_HKATS_5013,e5c802b6-9526-51ea-4aff-1250fbbc8f72,D.SDN2,I.SMARTS,NetGp_CO_JUMPNODE,net_10.2.153.0/24,accept,always,PORT_HP_ILO,enable,all,,sdn3-all,certificate-inspection,NCR-5136:2020_0512,,
DEH1HKATS1,99,allow-all-ping,43128d9e-933b-51ea-204f-270429d55fbc,any,any,all,all,accept,always,ALL_ICMP,enable,all,,sdn3-all,certificate-inspection,,,
DEH1HKATS1,100,allow-all,433b22f4-933b-51ea-ea43-fed117534d59,any,any,all,all,accept,always,ALL,enable,all,,sdn3-all,certificate-inspection,,,
DEH1HKATS1,51,,d8f1ba12-e104-51ea-a4ae-643859e7c4b2,D.CCI,I.HKATS,range_10.244.64.68-70 range_10.248.64.68-70 IP_10.244.64.174 IP_10.248.64.174,net_10.152.54.0/24,accept,always,Port_from_BMC,enable,all,,sdn3-all,certificate-inspection,NCR-5027:2020_0506,,
DEH1HKATS1,52,,b57949ea-e106-51ea-70d0-f907446b4034,I.HKATS,D.CCI,net_10.152.54.0/24,range_10.244.64.68-70 range_10.248.64.68-70 IP_10.244.64.174 IP_10.248.64.174,accept,always,Port_to_BMC,enable,all,,sdn3-all,certificate-inspection,NCR-5027:2020_0506,,
DEH1COMM,1,comm to smarttbp 20200715_01,5adcb342-c684-51ea-0fe5-08a189fa49ac,I.COMM,I.SMARTTBP,host_10.163.143.210 host_10.63.142.209,net_10.2.153.0/24,accept,always,TCP/139 TCP/22 TCP/3389 TCP/445,enable,all,,sdn3-all,certificate-inspection,NCR-5391:2020_0715,,
DEH1COMM,2,comm to htbp 20200715_02,fc8760d4-c684-51ea-977f-2f614fab848e,I.COMM,I.HTBP,host_10.163.143.210 host_10.63.142.209,net_10.152.34.0/24 net_10.152.52.0/24 net_10.152.54.0/24 net_10.152.58.0/24 net_10.162.2.0/24 net_10.162.4.0/24 net_10.170.44.0/24 net_10.170.64.0/24,accept,always,TCP/139 TCP/22 TCP/3389 TCP/445,enable,all,,sdn3-all,certificate-inspection,NCR-5391:2020_0715,,
DEH1COMM,3,comm to htbp 20200717_01,2fa73070-c806-51ea-5791-a7ba79dfdc4a,I.COMM,I.HTBP,host_10.164.1.40,net_10.170.64.0/24 net_10.170.54.0/24,accept,always,PING TCP/22,enable,all,,sdn3-all,certificate-inspection,,,
DEH1COMM,4,LIN_Genium_5003,0af885fc-ca87-51ea-2824-5dc39da84e3f,I.HTBP,I.COMM,net_10.152.34.0/24 net_10.152.54.0/24 net_10.170.64.0/24 net_10.152.52.0/24,NetGp_TIME_SERVER,accept,always,UDP/123,enable,all,,sdn3-all,certificate-inspection,,,
DEH1COMM,5,LIN_Genium_5006,caecce72-ca87-51ea-915e-b0f4c35a1c43,I.HTBP,I.COMM,net_10.152.34.0/24 net_10.152.52.0/24 net_10.152.54.0/24 net_10.170.64.0/24,host_10.164.1.21 host_10.164.129.21,accept,always,PORT_HP_ILO,enable,all,,sdn3-all,certificate-inspection,,,
DEH1COMM,6,LIN_Genium_5011,e8f33f5a-ca87-51ea-92a3-506b0f04045c,I.PWTBP,I.COMM,net_10.152.58.0/24,NetGp_TIME_SERVER,accept,always,UDP/123,enable,all,,sdn3-all,certificate-inspection,,,
DEH1COMM,7,LIN_Genium_5016,01f6b27a-ca88-51ea-d718-0d04d6728d69,I.PWTBP,I.COMM,net_10.152.58.0/24,host_10.164.1.21 host_10.164.129.21,accept,always,PORT_HP_ILO,enable,all,,sdn3-all,certificate-inspection,,,
DEH1COMM,8,WIN_HKATS_5006,2415a62c-ca88-51ea-c970-7835c7d1ce98,I.SMARTTBP,I.COMM,net_10.2.153.0/24,NetGp_TIME_SERVER,accept,always,UDP/123,enable,all,,sdn3-all,certificate-inspection,,,
DEH1COMM,9,LIN_Genium_5023,8dc8524a-ca88-51ea-a018-1fb946a061c2,I.SMARTTBP,I.COMM,net_10.2.153.0/24,host_10.164.1.21 host_10.164.129.21 net_10.163.142.0/24 net_10.163.143.0/24 net_10.63.142.0/24,accept,always,PORT_HP_ILO,enable,all,,sdn3-all,certificate-inspection,,,
DEH1COMM,10,LIN_Genium_5004,cd324d6c-cada-51ea-d1d6-d5569defc875,I.COMM,I.HTBP,host_10.164.1.21 host_10.164.129.21 net_10.163.142.0/24 net_10.163.143.0/24 net_10.63.142.0/24,net_10.152.34.0/24 net_10.152.52.0/24 net_10.152.54.0/24 net_10.170.64.0/24,accept,always,PORT_HP_ILO,enable,all,,sdn3-all,certificate-inspection,,,
DEH1COMM,11,LIN_Genium_5013,d67f7066-cada-51ea-e6ab-9ca2febe3e33,I.COMM,I.PWTBP,host_10.164.1.21 host_10.164.129.21 net_10.163.142.0/24 net_10.163.143.0/24 net_10.63.142.0/24,net_10.152.58.0/24,accept,always,PORT_HP_ILO,enable,all,,sdn3-all,certificate-inspection,Clone of LIN_Genium_5004,,
DEH1COMM,12,LIN_Genium_5022,fda0c30c-cada-51ea-ee77-ba826aecd107,I.COMM,I.SMARTTBP,host_10.164.1.21 host_10.164.129.21 net_10.163.142.0/24 net_10.163.143.0/24 net_10.63.142.0/24,net_10.2.153.0/24,accept,always,PORT_HP_ILO,enable,all,,sdn3-all,certificate-inspection,Clone of LIN_Genium_5013,,
DEH1COMM,13,DSDS_HKATS_0024,99a0d6b6-cadb-51ea-0dab-2fd7c8c312ac,I.COMM,I.HTBP,net_10.163.143.0/24 net_10.164.1.0/24 net_10.164.129.0/24 net_10.63.142.0/24,net_10.152.34.0/24 net_10.152.54.0/24,accept,always,TCP/22,enable,all,,sdn3-all,certificate-inspection,,,
DEH1COMM,14,DSDS_HKATS_0027,a6900112-cadb-51ea-8df2-7b9d7bbd99b6,I.COMM,I.PWTBP,net_10.163.143.0/24 net_10.164.1.0/24 net_10.164.129.0/24 net_10.63.142.0/24,net_10.152.58.0/24,accept,always,TCP/22,enable,all,,sdn3-all,certificate-inspection,Clone of DSDS_HKATS_0024,,
DEH1COMM,15,DSDS_HKATS_0065,278fbc44-cadc-51ea-0bc9-34151a904a7f,I.COMM,I.PWTBP,net_10.163.143.0/24 net_10.63.142.0/24,range_10.152.58.101-102 range_10.152.58.155-157,accept,always,TCP/8082-8083 TCP/8090-8093 TCP/8443,enable,all,,sdn3-all,certificate-inspection,,,
DEH1COMM,16,DSDS_HKATS_0067,96206f46-cadc-51ea-4821-3507f2175827,I.COMM,I.HTBP,net_10.163.143.0/24 net_10.63.142.0/24,host_10.152.54.79 range_10.151.54.82-85 range_10.152.54.43-46 range_10.152.54.59-76,accept,always,TCP/12024-12027,enable,all,,sdn3-all,certificate-inspection,,,
DEH1COMM,17,DSDS_HKATS_0069,d26d4b18-cadc-51ea-2108-f98165ba0333,I.COMM,I.HTBP,net_10.163.143.0/24 net_10.63.142.0/24,host_10.152.54.99,accept,always,TCP/14030 TCP/22,enable,all,,sdn3-all,certificate-inspection,,,
DEH1COMM,18,I.COMM to I.HTBP 20200722_01,0f4ee01c-cd87-51ea-b718-cdc50665ef6f,I.COMM,I.HTBP,host_10.163.143.210 host_10.63.142.209,net_10.152.34.0/24 net_10.152.52.0/24 net_10.152.54.0/24 net_10.152.58.0/24 net_10.162.2.0/24 net_10.162.4.0/24 net_10.170.44.0/24 net_10.170.64.0/24 net_10.172.71.0/24 net_10.172.72.0/24 net_10.172.73.0/24 net_10.2.153.0/24,accept,always,TCP/139 TCP/22 TCP/3389 TCP/445,enable,all,,sdn3-all,certificate-inspection,,,
DEH1COMM,19,allow-any-ping,7f784f68-cdb4-51ea-d0a2-b706e4e52f3f,any,any,all,all,accept,always,ALL_ICMP,enable,all,,sdn3-all,certificate-inspection,Reverse of I.COMM to I.HTBP 20200722_01,,
DEH1COMM,20,MDS_OMD_5007,5ee63e48-db7b-51ea-188f-8ad220b406b0,I.COMM,I.HTBP,IP_10.164.1.40,net_10.170.64.0/24,accept,always,TCP_22 PING,enable,all,,sdn3-all,certificate-inspection,NCR-5312:2020_0811,enable,
DEH1COMM,21,MDS_MIX_5017,e176746e-dba7-51ea-8fb5-fb7132871257,I.COMM,I.HKATS,IP_10.63.142.134 IP_10.63.142.135,IP_10.170.63.95,accept,always,TCP_22,enable,all,,sdn3-all,certificate-inspection,,enable,
DEH1TBP,1,LIN_Genium_5001,2b0bc60c-9683-51ea-27f7-5183597049ed,I.HTBP,D.CCI,net_10.152.54.0/24 net_10.170.64.0/24,NetGp_BMC_SERVER,accept,always,Port_to_BMC,enable,all,,sdn3-all,certificate-inspection,NCR-5027:2020_0506,,
DEH1TBP,2,LIN_Genium_5002,2b36e1e8-9683-51ea-d198-51975e1c4b8b,D.CCI,I.HTBP,NetGp_BMC_SERVER,net_10.152.54.0/24 net_10.170.64.0/24 net_10.152.34.0/24,accept,always,Port_from_BMC,enable,all,,sdn3-all,certificate-inspection,NCR-5027:2020_0506,,
DEH1TBP,3,LIN_Genium_5003,31353298-9683-51ea-fd55-66a103c09c3a,I.PWTBP,X.HTBP,net_10.152.58.0/24,host_10.151.54.37 host_10.151.54.75,accept,always,UDP/123,enable,all,,sdn3-all,certificate-inspection,NCR-5027:2020_0506,,
DEH1TBP,4,LIN_Genium_5004,31882b60-9683-51ea-65e1-d845f85e818c,X.HTBP,I.HTBP,host_10.164.1.21 host_10.164.129.21 net_10.163.142.0/24 net_10.163.143.0/24 net_10.63.142.0/24 net_10.1.85.0,net_10.152.54.0/24 net_10.170.64.0/24 net_10.152.52.0/24 net_10.152.34.0/24,accept,always,PORT_HP_ILO,enable,all,,sdn3-all,certificate-inspection,NCR-5027:2020_0506,,
DEH1TBP,5,LIN_Genium_5005,3600c29c-9683-51ea-7875-f916487d8fab,D.CCI,I.HTBP,host_10.244.130.6 host_10.248.64.43 net_10.245.127.0/24 net_10.245.132.0/24 net_10.249.127.0/24 net_10.249.132.0/24 host_10.244.64.43,net_10.152.54.0/24 net_10.170.64.0/24 net_10.152.34.0/24,accept,always,TCP/22,enable,all,,sdn3-all,certificate-inspection,NCR-5027:2020_0506,,
DEH1TBP,6,LIN_Genium_5006,362fdc6c-9683-51ea-5561-f67521f6f28e,I.HTBP,X.HTBP,net_10.152.54.0/24 net_10.170.64.0/24 net_10.152.52.0/24 net_10.152.34.0/24 net_10.2.153.0/24,host_10.164.1.21 host_10.164.129.21,accept,always,PORT_HP_ILO,enable,all,,sdn3-all,certificate-inspection,NCR-5027:2020_0506,,
DEH1TBP,7,LIN_Genium_5007,367aeb76-9683-51ea-69ac-903d66b72a54,D.CCI,I.HTBP,host_10.244.64.88,net_10.152.54.0/24 net_10.152.34.0/24 net_10.170.64.0/24,accept,always,Port_SEPM,enable,all,,sdn3-all,certificate-inspection,NCR-5027:2020_0506,,
DEH1TBP,8,LIN_Genium_5008,36a0e4e8-9683-51ea-bdea-1edbe8cd1a1c,I.HTBP,D.CCI,net_10.152.54.0/24 net_10.170.64.0/24,host_10.244.64.88,accept,always,Port_SEPM,enable,all,,sdn3-all,certificate-inspection,NCR-5027:2020_0506,,
DEH1TBP,15,LIN_Genium_5009,36c75a9c-9683-51ea-84e9-f378b7da3173,I.PWTBP,D.CCI,net_10.152.58.0/24,NetGp_BMC_SERVER,accept,always,Port_to_BMC,enable,all,,sdn3-all,certificate-inspection,NCR-5027:2020_0506,,
DEH1TBP,40,LIN_Genium_5020,78eb2c70-ac8e-51ea-88a2-a5d59ea6f723,D.CCI,I.HTBP,range_10.244.64.19-20,net_10.152.52.0/24 net_10.152.54.0/24 net_10.152.34.0/24 net_10.170.64.0/24,accept,always,PORT_HP_ILO,enable,all,,sdn3-all,certificate-inspection,,,
DEH1TBP,17,LIN_Genium_5010,3b29d6be-9683-51ea-2691-c668e3ade940,D.CCI,I.PWTBP,NetGp_BMC_SERVER,net_10.152.58.0/24,accept,always,Port_from_BMC,enable,all,,sdn3-all,certificate-inspection,NCR-5027:2020_0506,,
DEH1TBP,18,LIN_Genium_5011,3b52abde-9683-51ea-ac6d-c82890c12dc0,I.PWTBP,I.HTBP,net_10.152.58.0/24,host_10.152.54.35 host_10.152.54.45,accept,always,UDP/123,enable,all,,sdn3-all,certificate-inspection,NCR-5027:2020_0506,,
DEH1TBP,132,LIN_Genium_5012,d9172db4-ec09-51ea-8acf-69568f1e019c,X.HTBP,I.HTBP,net_10.151.58.0/24,host_10.152.54.35 host_10.152.54.45,accept,always,UDP/123,enable,all,disable,sdn3-all,certificate-inspection,NCR-5027:2020_0506,,
DEH1TBP,20,LIN_Genium_5013,3b9f2e50-9683-51ea-8e4e-14983a3a75ca,X.HTBP,I.PWTBP,host_10.164.1.21 host_10.164.129.21 net_10.163.142.0/24 net_10.163.143.0/24 net_10.63.142.0/24 net_10.1.85.0,net_10.152.58.0/24,accept,always,PORT_HP_ILO,enable,all,,sdn3-all,certificate-inspection,NCR-5027:2020_0506,,
DEH1TBP,22,LIN_Genium_5015,3beb3e62-9683-51ea-77af-5743f9ad7c39,D.CCI,I.PWTBP,host_10.244.130.6 host_10.248.64.43 net_10.245.127.0/24 net_10.245.132.0/24 net_10.249.127.0/24 net_10.249.132.0/24 host_10.244.64.43,net_10.152.58.0/24,accept,always,TCP/22,enable,all,,sdn3-all,certificate-inspection,NCR-5027:2020_0506,,
DEH1TBP,23,LIN_Genium_5016,3c11742e-9683-51ea-5575-f5bcf211a5d9,I.PWTBP,X.HTBP,net_10.152.58.0/24,host_10.164.1.21 host_10.164.129.21,accept,always,PORT_HP_ILO,enable,all,,sdn3-all,certificate-inspection,NCR-5027:2020_0506,,
DEH1TBP,25,LIN_Genium_5018,3c5dbb4a-9683-51ea-0ead-cac35125ecd7,D.CCI,I.PWTBP,host_10.244.64.88,net_10.152.58.0/24,accept,always,Port_SEPM,enable,all,,sdn3-all,certificate-inspection,NCR-5027:2020_0506,,
DEH1TBP,41,LIN_Genium_5021,dbfe3f50-ac8e-51ea-38c0-a52423827944,D.CCI,I.PWTBP,range_10.244.64.19-20,net_10.152.58.0/24,accept,always,PORT_HP_ILO,enable,all,,sdn3-all,certificate-inspection,,,
DEH1TBP,26,LIN_Genium_5019,3c8424c4-9683-51ea-d317-28b5c1c40651,I.PWTBP,D.CCI,net_10.152.58.0/24,host_10.244.64.88,accept,always,Port_SEPM,enable,all,,sdn3-all,certificate-inspection,NCR-5027:2020_0506,,
DEH1TBP,27,WIN_HKATS_5001,40557c60-9683-51ea-5b12-61b96bd28478,I.SMARTTBP,D.CCI,net_10.2.153.0/24,host_10.245.79.99,accept,always,PORT_PATCH_MGT TCP/3389,enable,all,,sdn3-all,certificate-inspection,NCR-5136:2020_0512,,
DEH1TBP,28,WIN_HKATS_5002,407e68f0-9683-51ea-2e62-7989a8e2b7fb,D.CCI,I.SMARTTBP,host_10.245.79.99,net_10.2.153.0/24,accept,always,PORT_PATCH_MGT TCP/3389,enable,all,,sdn3-all,certificate-inspection,NCR-5136:2020_0512,,
DEH1TBP,29,WIN_HKATS_5003,40a4a1f0-9683-51ea-b122-0032d44090f0,I.SMARTTBP,D.CCI,net_10.2.153.0/24,range_10.245.127.83-84,accept,always,TCP/1688,enable,all,,sdn3-all,certificate-inspection,NCR-5136:2020_0512,,
DEH1TBP,30,WIN_HKATS_5004,40ca67dc-9683-51ea-4c1d-b80af8d4f486,I.SMARTTBP,D.CCI,net_10.2.153.0/24,NetGp_AD,accept,always,PORT_AD_TCP PORT_AD_UDP,enable,all,,sdn3-all,certificate-inspection,NCR-5136:2020_0512,,
DEH1TBP,31,WIN_HKATS_5005,40f07562-9683-51ea-a4e2-73bcfe3139a7,D.CCI,I.SMARTTBP,NetGp_AD,net_10.2.153.0/24,accept,always,PORT_AD_TCP PORT_AD_UDP,enable,all,,sdn3-all,certificate-inspection,NCR-5136:2020_0512,,
DEH1TBP,33,WIN_HKATS_5007,413da27e-9683-51ea-cb43-695d8eecbc1e,D.CCI,I.SMARTTBP,NetGp_WIN_JUMPNODE,net_10.2.153.0/24,accept,always,PORT_HP_ILO,enable,all,,sdn3-all,certificate-inspection,NCR-5136:2020_0512,,
DEH1TBP,34,WIN_HKATS_5008,41632954-9683-51ea-1a0c-5ab7382d9daa,I.SMARTTBP,D.CCI,net_10.2.153.0/24,NetGp_SCOM,accept,always,PORT_SCOM,enable,all,,sdn3-all,certificate-inspection,NCR-5136:2020_0512,,
DEH1TBP,39,WIN_HKATS_5009,8bda012c-9f1d-51ea-4df5-8d31715bc946,I.SMARTTBP,D.CCI,net_10.2.153.0/24,NetGp_SCCM,accept,always,PORT_SCCM,enable,all,,sdn3-all,certificate-inspection,NCR-5136:2020_0512,,
DEH1TBP,35,WIN_HKATS_5010,4550b50e-9683-51ea-2f08-2f419c32d1b5,I.SMARTTBP,D.CCI,net_10.2.153.0/24,host_10.245.127.67 host_10.249.127.51,accept,always,PORT_TRENDMICRO,enable,all,,sdn3-all,certificate-inspection,NCR-5136:2020_0512,,
DEH1TBP,36,WIN_HKATS_5011,4579ca48-9683-51ea-b5eb-cd426eb583ef,D.CCI,I.SMARTTBP,host_10.245.127.67 host_10.249.127.51,net_10.2.153.0/24,accept,always,PORT_TRENDMICRO,enable,all,,sdn3-all,certificate-inspection,NCR-5136:2020_0512,,
DEH1TBP,37,WIN_HKATS_5012,45a0b518-9683-51ea-4396-22f1d610797f,D.CCI,I.SMARTTBP,NetGp_CCI_CO_JUMPNODE range_10.193.46.21-23,net_10.2.153.0/24,accept,always,TCP/3389,enable,all,,sdn3-all,certificate-inspection,NCR-5136:2020_0512,,
DEH1TBP,38,WIN_HKATS_5013,45c69a30-9683-51ea-f4d9-4a82f510a536,X.HTBP,I.SMARTTBP,NetGp_CO_JUMPNODE,net_10.2.153.0/24,accept,always,PORT_HP_ILO,enable,all,,sdn3-all,certificate-inspection,NCR-5136:2020_0512,,
DEH1TBP,42,MDS_MIX_0002,16da536a-aec0-51ea-aa2d-e3fce9ced454,I.HTBP,D.SDN2,host_10.170.63.95 range_10.170.63.89-90 IP_10.170.63.96,net_10.161.5.0/24 net_10.162.5.0/24,accept,always,TCP/12024-12025 TCP/22,enable,all,,sdn3-all,certificate-inspection,NCR-5192:2020_0615,,
DEH1TBP,43,MDS_MIX_0004,94dcc716-aec0-51ea-6485-1891875373f5,D.SDN2,I.HTBP,net_10.161.5.0/24 net_10.162.5.0/24,host_10.170.63.95 IP_10.170.63.96,accept,always,TCP/22,enable,all,,sdn3-all,certificate-inspection,NCR-5192:2020_0615,,
DEH1TBP,44,LIN_Genium_5022,96a133e8-ba78-51ea-3560-9d6dc4f4ca62,X.HTBP,I.SMARTTBP,host_10.164.1.21 host_10.164.129.21 net_10.163.142.0/24 net_10.163.143.0/24 net_10.63.142.0/24,net_10.2.153.0/24,accept,always,PORT_HP_ILO,enable,all,,sdn3-all,certificate-inspection,,,
DEH1TBP,45,LIN_Genium_5023,bd7a0f76-ba78-51ea-d732-b7db0915f24b,I.SMARTTBP,X.HTBP,net_10.2.153.0/24,host_10.164.1.21 host_10.164.129.21 net_10.163.142.0/24 net_10.163.143.0/24 net_10.63.142.0/24,accept,always,PORT_HP_ILO,enable,all,,sdn3-all,certificate-inspection,,,
DEH1TBP,47,DSDS_DIRS_0002,9ca8c424-bba7-51ea-fa3e-0b8a8a669d87,I.HTBP,X.HTBP,range_10.152.25.11-12,host_10.161.5.199,accept,always,TCP/22,enable,all,,sdn3-all,certificate-inspection,NCR-5259:2020_0622,,
DEH1TBP,46,DSDS_DIRS_0004,b6436650-bba7-51ea-d1ca-e044de920b93,I.HTBP,X.HTBP,host_10.152.5.35 host_10.152.5.99,host_10.161.5.199,accept,always,TCP/22,enable,all,,sdn3-all,certificate-inspection,NCR-5259:2020_0622,,
DEH1TBP,48,DSDS_HKATS_0022,1ca71b6c-bba8-51ea-f33a-a8cf09b2f800,X.HTBP,I.HTBP,net_10.161.5.0/24 net_10.162.5.0/24,net_10.152.5.0/24,accept,always,TCP/22,enable,all,,sdn3-all,certificate-inspection,NCR-5259:2020_0622,,
DEH1TBP,49,DSDS_HKATS_0024,5592050e-bba8-51ea-d287-28389aa14f3e,X.HTBP,I.HTBP,net_10.163.143.0/24 net_10.164.1.0/24 net_10.164.129.0/24 net_10.63.142.0/24,net_10.152.34.0/24 net_10.152.54.0/24,accept,always,TCP/22,enable,all,,sdn3-all,certificate-inspection,NCR-5259:2020_0622,,
DEH1TBP,50,DSDS_HKATS_0025,ea0afe64-bbaa-51ea-3245-3b0390d8c7c6,D.CCI,I.HTBP,net_10.244.64.0/24 net_10.248.64.0/24,net_10.152.34.0/24 net_10.152.54.0/24,accept,always,TCP/22,enable,all,,sdn3-all,certificate-inspection,NCR-5259:2020_0622,,
DEH1TBP,51,DSDS_HKATS_0027,08e656ee-bbab-51ea-a847-20edfabf8977,X.HTBP,I.PWTBP,net_10.163.143.0/24 net_10.164.1.0/24 net_10.164.129.0/24 net_10.63.142.0/24,net_10.152.58.0/24,accept,always,TCP/22,enable,all,,sdn3-all,certificate-inspection,NCR-5259:2020_0622,,
DEH1TBP,52,DSDS_HKATS_0028,3c2e3058-bbab-51ea-01b2-3d78c0fe9b70,D.CCI,I.HTBP,net_10.244.64.0/24 net_10.248.64.0/24,net_10.152.58.0/24,accept,always,TCP/22,enable,all,,sdn3-all,certificate-inspection,NCR-5259:2020_0622,,
DEH1TBP,53,DSDS_HKATS_0029,4ced32ae-bbab-51ea-a22b-1596d997024a,D.CCI,I.HTBP,net_192.168.36.0/24,net_10.152.5.0/24,accept,always,TCP/12024-12027,enable,all,,sdn3-all,certificate-inspection,NCR-5259:2020_0622,,
DEH1TBP,54,DSDS_HKATS_0030,6bc5a1a2-bbab-51ea-a4c6-8362ada1fc2e,D.CCI,I.HTBP,net_192.168.36.0/24,range_10.152.14.101-102 range_10.152.14.155-157,accept,always,TCP/8082-8083 TCP/8090-8093 TCP/8443,enable,all,,sdn3-all,certificate-inspection,NCR-5259:2020_0622,,
DEH1TBP,55,DSDS_HKATS_0032,bb7e773c-bbab-51ea-c4f1-583daa509347,X.HTBP,I.HTBP,net_192.168.80.0/24,net_10.152.5.0/24,accept,always,TCP/12024-12027,enable,all,,sdn3-all,certificate-inspection,NCR-5259:2020_0622,,
DEH1TBP,56,DSDS_HKATS_0034,d158cbe8-bbab-51ea-dabb-bb6cc89b02b8,X.HTBP,I.PWTBP,net_192.168.80.0/24,range_10.152.14.101-102 range_10.152.14.155-157,accept,always,TCP/8082-8083 TCP/8090-8093 TCP/8443,enable,all,,sdn3-all,certificate-inspection,NCR-5259:2020_0622,,
DEH1TBP,57,DSDS_HKATS_0035,ed363b7a-bbab-51ea-a70b-f439ebf49e76,I.PWTBP,I.HTBP,range_10.152.13.101-102 range_10.152.13.155-156,range_10.152.12.103-104 range_10.152.12.161-166,accept,always,TCP/18082-18083 TCP/32001-32004 TCP/33001-33004,enable,all,,sdn3-all,certificate-inspection,NCR-5259:2020_0622,,
DEH1TBP,58,DSDS_HKATS_0036,1a9b1b94-bbac-51ea-993d-192dd4709079,I.PWTBP,X.HTBP,range_10.152.13.101-102 range_10.152.13.155-156,range_10.151.12.103-104 range_10.151.12.161-166,accept,always,TCP/18082-18083 TCP/32001-32004 TCP/33001-33004,enable,all,,sdn3-all,certificate-inspection,NCR-5259:2020_0622,,
DEH1TBP,59,DSDS_HKATS_0037,34ad73ce-bbac-51ea-c4d7-7f4012554203,X.HTBP,I.HTBP,range_10.151.13.101-102 range_10.151.13.155-156,range_10.152.12.103-104 range_10.152.12.161-166,accept,always,TCP/18082-18083 TCP/32001-32004 TCP/33001-33004,enable,all,,sdn3-all,certificate-inspection,NCR-5259:2020_0622,,
DEH1TBP,60,DSDS_HKATS_0038,556a5ae6-bbac-51ea-f19f-56f33e7180ac,I.HTBP,I.PWTBP,range_10.152.12.103-104 range_10.152.12.161-166,range_10.152.13.101-102 range_10.152.13.155-156,accept,always,TCP/22 TCP/34001-34004,enable,all,,sdn3-all,certificate-inspection,NCR-5259:2020_0622,,
DEH1TBP,61,DSDS_HKATS_0039,9d2898c0-bbac-51ea-dfe7-cc2a786e6c48,I.HTBP,X.HTBP,range_10.152.12.103-104 range_10.152.12.161-166,range_10.151.13.101-102 range_10.151.13.155-156,accept,always,TCP/22 TCP/34001-34004,enable,all,,sdn3-all,certificate-inspection,NCR-5259:2020_0622,,
DEH1TBP,62,DSDS_HKATS_0040,cbb90a44-bbac-51ea-43bc-da68fe6dad8c,X.HTBP,I.PWTBP,range_10.151.12.103-104 range_10.151.12.161-166,range_10.152.13.101-102 range_10.152.13.155-156,accept,always,TCP/22 TCP/34001-34004,enable,all,,sdn3-all,certificate-inspection,NCR-5259:2020_0622,,
DEH1TBP,63,DSDS_HKATS_0041,edba2c5e-bbac-51ea-5c7d-a3d81af4e097,I.PWTBP,I.HTBP,host_10.152.13.157,host_10.152.12.171,accept,always,TCP/8081 TCP/8444,enable,all,,sdn3-all,certificate-inspection,NCR-5259:2020_0622,,
DEH1TBP,64,DSDS_HKATS_0042,09856bba-bbad-51ea-0617-4febdcca1380,I.PWTBP,X.HTBP,host_10.152.13.157,host_10.151.12.171,accept,always,TCP/8081 TCP/8444,enable,all,,sdn3-all,certificate-inspection,NCR-5259:2020_0622,,
DEH1TBP,65,DSDS_HKATS_0043,1997018a-bbad-51ea-e9c1-f54faa85d227,X.HTBP,I.HTBP,host_10.151.13.157 host_10.151.12.37,host_10.152.12.171,accept,always,TCP/8081 TCP/8444,enable,all,,sdn3-all,certificate-inspection,NCR-5259:2020_0622,,
DEH1TBP,66,DSDS_HKATS_0044,34812dae-bbad-51ea-1168-e7e0a8f6c946,I.HTBP,I.PWTBP,host_10.152.12.171 host_10.152.12.35,host_10.152.13.157 range_10.152.13.101-102 range_10.152.13.155-156,accept,always,TCP/22,enable,all,,sdn3-all,certificate-inspection,NCR-5259:2020_0622,,
DEH1TBP,67,DSDS_HKATS_0045,51a89246-bbad-51ea-274f-58d64933448c,I.HTBP,X.HTBP,host_10.152.12.171 host_10.152.12.35,host_10.151.13.157 range_10.151.13.101-102 range_10.151.13.155-156,accept,always,TCP/22,enable,all,,sdn3-all,certificate-inspection,NCR-5259:2020_0622,,
DEH1TBP,68,DSDS_HKATS_0046,6a1ab566-bbad-51ea-2689-d6d4c4efb2a9,X.HTBP,I.PWTBP,host_10.151.12.171 host_10.151.12.37,host_10.152.13.157 range_10.152.13.101-102 range_10.152.13.155-156,accept,always,TCP/22,enable,all,,sdn3-all,certificate-inspection,NCR-5259:2020_0622,,
DEH1TBP,69,DSDS_HKATS_0047,8663ea62-bbad-51ea-d479-cb66fb041588,D.CCI,I.HTBP,net_192.168.36.0/24,host_10.152.5.35,accept,always,TCP/22 TCP/3010,enable,all,,sdn3-all,certificate-inspection,NCR-5259:2020_0622,,
DEH1TBP,70,DSDS_HKATS_0049,a432c982-bbad-51ea-41d8-d6e68b634da0,X.HTBP,I.HTBP,net_192.168.80.0/24,host_10.152.5.35,accept,always,TCP/22,enable,all,,sdn3-all,certificate-inspection,NCR-5259:2020_0622,,
DEH1TBP,71,DSDS_HKATS_0050,d55f62ae-bbad-51ea-997e-4bf6dfb357d0,I.PWTBP,I.HTBP,range_10.152.58.101-102 range_10.152.58.155-157,host_10.152.54.35 host_10.152.54.86,accept,always,TCP/22,enable,all,,sdn3-all,certificate-inspection,NCR-5259:2020_0622,,
DEH1TBP,72,DSDS_HKATS_0051,18d22102-bbae-51ea-8a2c-a468bfe89f54,I.PWTBP,X.HTBP,range_10.152.58.101-102 range_10.152.58.155-157,host_10.151.54.37 host_10.151.54.99,accept,always,TCP/22,enable,all,,sdn3-all,certificate-inspection,NCR-5259:2020_0622,,
DEH1TBP,73,DSDS_HKATS_0052,524895e2-bbae-51ea-825a-a1ba6ea3d4dd,X.HTBP,I.HTBP,range_10.151.58.101-102 range_10.151.58.155-157,host_10.152.54.35 host_10.152.54.86,accept,always,TCP/22,enable,all,,sdn3-all,certificate-inspection,NCR-5259:2020_0622,,
DEH1TBP,74,DSDS_HKATS_0054,7392f9ea-bbae-51ea-a050-fae97884dc61,X.HTBP,I.HTBP,net_192.176.4.0/24,host_10.152.54.99,accept,always,TCP/22,enable,all,,sdn3-all,certificate-inspection,NCR-5259:2020_0622,,
DEH1TBP,75,DSDS_HKATS_0055,b3298aba-bbae-51ea-35fc-c3696b1fc199,I.HTBP,D.CCI,host_10.152.4.35,host_10.245.126.180,accept,always,TCP/22,enable,all,,sdn3-all,certificate-inspection,NCR-5259:2020_0622,,
DEH1TBP,76,DSDS_HKATS_0057,e1a909d8-bbae-51ea-acca-65cdd6626a04,I.HTBP,X.HTBP,net_10.151.25.0/24 net_10.152.5.0/24,range_10.241.151.41-42 range_10.241.51.41-42,accept,always,TCP/10022,enable,all,,sdn3-all,certificate-inspection,NCR-5259:2020_0622,,
DEH1TBP,77,DSDS_HKATS_0059,077c5f7a-bbaf-51ea-2ca5-e49f6885203d,X.HTBP,I.SMARTTBP,net_192.168.80.0/24,host_10.2.150.21,accept,always,TCP/3389,enable,all,,sdn3-all,certificate-inspection,NCR-5259:2020_0622,,
DEH1TBP,78,DSDS_HKATS_0061,3460924a-bbaf-51ea-838b-3be3f39cdb47,I.HTBP,X.HTBP,host_10.152.5.36 host_10.152.5.99,host_10.63.107.108,accept,always,TCP/29109-29110,enable,all,,sdn3-all,certificate-inspection,NCR-5259:2020_0622,,
DEH1TBP,79,DSDS_HKATS_0063,5aff12b4-bbaf-51ea-f645-d4ed31cc47bd,I.HTBP,X.HTBP,host_10.152.5.99 range_10.152.5.35-36,host_10.161.5.199,accept,always,TCP/22,enable,all,,sdn3-all,certificate-inspection,NCR-5259:2020_0622,,
DEH1TBP,80,DSDS_HKATS_0065,7373902c-bbaf-51ea-0143-4c137986348a,X.HTBP,I.PWTBP,net_10.163.143.0/24 net_10.63.142.0/24,range_10.152.58.101-102 range_10.152.58.155-157,accept,always,TCP/8082-8083 TCP/8090-8093 TCP/8443,enable,all,,sdn3-all,certificate-inspection,NCR-5259:2020_0622,,
DEH1TBP,81,DSDS_HKATS_0067,9fb01a8e-bbaf-51ea-e265-cbd288225ee0,X.HTBP,I.HTBP,net_10.163.143.0/24 net_10.63.142.0/24,host_10.152.54.79 range_10.151.54.82-85 range_10.152.54.43-46 range_10.152.54.59-76,accept,always,TCP/12024-12027,enable,all,,sdn3-all,certificate-inspection,NCR-5259:2020_0622,,
DEH1TBP,82,DSDS_HKATS_0069,595a4c48-bbb0-51ea-f997-391b0d33e87c,X.HTBP,I.HTBP,net_10.163.143.0/24 net_10.63.142.0/24,host_10.152.54.99,accept,always,TCP/14030 TCP/22,enable,all,,sdn3-all,certificate-inspection,NCR-5259:2020_0622,,
DEH1TBP,83,DSDS_HKATS_0070,7ab39cb4-bbb0-51ea-2f25-4e8522000c57,D.CCI,I.HTBP,net_10.244.128.0/24 net_10.248.128.0/24,range_10.152.5.75-77,accept,always,TCP/12024-12027,enable,all,,sdn3-all,certificate-inspection,NCR-5259:2020_0622,,
DEH1TBP,84,DSDS_HKATS_0071,a806fd6e-bbb0-51ea-4f0a-5da5afc052a3,I.HTBP,D.CCI,host_10.152.54.75 host_10.152.54.86 host_10.152.54.37,host_10.245.126.180,accept,always,TCP/22,enable,all,,sdn3-all,certificate-inspection,NCR-5259:2020_0622,,
DEH1TBP,85,DSDS_HKATS_0072,39cdecf8-bbb1-51ea-94c3-3d47c354ef3a,D.CCI,I.HTBP,net_192.168.36.0/24,range_10.152.54.53-77 range_10.152.54.80-83 range_10.152.54.133-134,accept,always,TCP/12024-12027,enable,all,,sdn3-all,certificate-inspection,NCR-5259:2020_0622,,
DEH1TBP,86,DSDS_HKATS_0073,b909afca-bbb1-51ea-8b7b-a9fd697409ec,D.CCI,I.PWTBP,net_192.168.36.0/24,range_10.152.14.101-102 range_10.152.14.155-157,accept,always,TCP/8082-8083 TCP/8090-8093 TCP/8443,enable,all,,sdn3-all,certificate-inspection,NCR-5259:2020_0622,,
DEH1TBP,87,DSDS_HKATS_0074,dc568b10-bbb1-51ea-4402-837cb38b69bf,D.CCI,I.PWTBP,net_192.168.36.0/24,host_10.152.14.157,accept,always,TCP/8443,enable,all,,sdn3-all,certificate-inspection,NCR-5259:2020_0622,,
DEH1TBP,88,DSDS_HKATS_0075,0385462c-bbb2-51ea-bfe0-df5608484daf,D.CCI,I.HTBP,net_192.168.36.0/24,host_10.152.5.35,accept,always,TCP/22 TCP/3010,enable,all,,sdn3-all,certificate-inspection,NCR-5259:2020_0622,,
DEH1TBP,89,DSDS_HKATS_0077,25de3986-bbb2-51ea-52b8-115cb8165b1a,X.HTBP,I.HTBP,net_172.24.4.0/24,host_10.152.5.79 range_10.152.5.45-46,accept,always,TCP/12024-12027,enable,all,,sdn3-all,certificate-inspection,NCR-5259:2020_0622,,
DEH1TBP,90,DSDS_HKATS_0079,422c7c24-bbb2-51ea-701c-47c3cda29ca1,X.HTBP,I.HTBP,net_172.24.4.0/24,host_10.152.5.171,accept,always,TCP/22,enable,all,,sdn3-all,certificate-inspection,NCR-5259:2020_0622,,
DEH1TBP,91,DSDS_HKATS_0081,540baeb0-bbb2-51ea-ad67-f1fee607d5d5,X.HTBP,I.HTBP,net_10.161.5.0/24 net_10.162.5.0/24 net_10.170.33.0/24 net_10.170.43.0/24,host_10.152.5.79 range_10.152.5.45-46,accept,always,TCP/12024-12027,enable,all,,sdn3-all,certificate-inspection,NCR-5259:2020_0622,,
DEH1TBP,92,DSDS_HKATS_0083,790c6948-bbb2-51ea-3b6b-efdd32b2f47e,X.HTBP,I.HTBP,net_10.1.150.0/24,host_10.152.5.79 range_10.152.5.45-46,accept,always,TCP/12024-12027,enable,all,,sdn3-all,certificate-inspection,NCR-5259:2020_0622,,
DEH1TBP,93,DSDS_HKATS_0085,953ae5cc-bbb2-51ea-b6d3-caae59994368,I.HTBP,X.HTBP,host_10.152.5.35,net_10.161.5.0/24 net_10.162.5.0/24 net_10.170.33.0/24 net_10.170.43.0/24,accept,always,TCP/22,enable,all,,sdn3-all,certificate-inspection,NCR-5259:2020_0622,,
DEH1TBP,94,SOTC_SMARTS_0002,01fb1df2-c28a-51ea-b896-63520efde536,D.CCI,I.SMARTTBP,net_192.168.234.0/24 net_192.168.237.0/24 net_192.168.70.0/24 net_192.168.86.0/24 net_192.168.90.0/24,host_10.2.150.21,accept,always,TCP/3389,enable,all,,sdn3-all,certificate-inspection,NCR-5474:2020_0710,,
DEH1TBP,95,SOTC_SMARTS_0004,256f05e6-c28a-51ea-e145-3571f4af238b,I.SMARTTBP,D.OTPC,net_10.2.150.0/24,net_10.70.12.0/24,accept,always,TCP/61001-61002 TCP/62001-62004,enable,all,,sdn3-all,certificate-inspection,NCR-5474:2020_0710,,
DEH1TBP,96,SOTC_SMARTS_0007,41e8a7f4-c28a-51ea-43fe-c17cee1391a7,I.SMARTTBP,X.HTBP,host_10.2.150.20,net_10.204.130.0/24 net_10.204.131.0/24,accept,always,TCP/21 TCP/6800,enable,all,,sdn3-all,certificate-inspection,NCR-5474:2020_0710,,
DEH1TBP,97,SOTC_SMARTS_0009,6396f126-c28a-51ea-6a30-ad4747a1e63a,I.SMARTTBP,D.CCI,host_10.2.150.21,host_10.244.192.75,accept,always,TCP/1435,enable,all,disable,sdn3-all,certificate-inspection,NCR-5474:2020_0710,,
DEH1TBP,98,SOTC_SMARTS_0012,815ea636-c28a-51ea-b3c2-abf32a27e19e,D.CCI,I.SMARTTBP,host_10.244.192.17,net_10.2.150.0/24,accept,always,TCP/22,enable,all,,sdn3-all,certificate-inspection,NCR-5474:2020_0710,,
DEH1TBP,101,SOTC_SMARTS_0014,987af590-c28a-51ea-b8ac-c98437fa1868,I.SMARTTBP,D.CCI,net_10.2.150.0/24,host_10.244.192.161,accept,always,TCP/1433-1434,enable,all,,sdn3-all,certificate-inspection,NCR-5474:2020_0710,,
DEH1TBP,102,SOTC_SMARTS_0016,aba578f2-c28a-51ea-ca4a-a3603c6b79ee,I.SMARTTBP,D.OTPC,net_10.2.150.0/24,host_10.70.12.200 host_10.70.14.61,accept,always,TCP/22,enable,all,,sdn3-all,certificate-inspection,NCR-5474:2020_0710,,
DEH1TBP,103,SOTC_SMARTS_0018,f67f9a24-c28a-51ea-dd2a-d2f3382e7a60,I.SMARTTBP,D.CCI,net_10.2.150.0/24,host_10.244.192.59,accept,always,TCP/1433-1435,enable,all,,sdn3-all,certificate-inspection,NCR-5474:2020_0710,,
DEH1TBP,104,SOTC_SMARTS_0020,103ed646-c28b-51ea-277e-5cbd028fb707,I.SMARTTBP,D.OTPC,net_10.2.150.0/24,host_10.1.125.103 host_10.1.125.15,accept,always,TCP/22,enable,all,,sdn3-all,certificate-inspection,NCR-5474:2020_0710,,
DEH1TBP,105,SOTC_SMARTS_0021,27e25854-c28b-51ea-6c93-ce8842859548,D.CCI,I.SMARTTBP,net_10.193.46.0/24,host_10.2.150.21 host_10.2.150.27,accept,always,TCP/3389,enable,all,,sdn3-all,certificate-inspection,NCR-5474:2020_0710,,
DEH1TBP,106,SOTC_SMARTS_0024,4030fe10-c28b-51ea-de98-20996d835ff9,X.HTBP,I.SMARTTBP,net_10.18.113.0/24,net_10.2.150.0/24,accept,always,TCP/22,enable,all,,sdn3-all,certificate-inspection,NCR-5474:2020_0710,,
DEH1TBP,107,SOTC_SMARTS_0026,57ea5a24-c28b-51ea-a621-5bf9278ae863,I.SMARTTBP,X.HTBP,host_10.2.150.21 host_10.2.150.27,net_10.18.113.0/24,accept,always,TCP/22 TCP/8025 TCP/8026 TCP/8028 TCP/8032,enable,all,,sdn3-all,certificate-inspection,NCR-5474:2020_0710,,
DEH1TBP,108,SOTC_SMARTS_0028,7291bf52-c28b-51ea-8c07-48c3d89eb09d,D.CCI,I.SMARTTBP,net_10.193.46.0/24,host_10.2.153.21 host_10.2.153.26 host_10.2.153.27,accept,always,TCP/3389,enable,all,,sdn3-all,certificate-inspection,NCR-5474:2020_0710,,
DEH1TBP,109,SOTC_SMARTS_0031,c877b3ea-c28b-51ea-50a6-2e7e46bc52c4,I.SMARTTBP,D.CCI,net_10.2.150.0/24,net_10.248.128.0/24 host_10.244.129.41 host_10.248.129.41,accept,always,TCP/22,enable,all,,sdn3-all,certificate-inspection,NCR-5474:2020_0710,,
DEH1TBP,99,allow-all-ping,cc1eb104-bbb2-51ea-1cd4-2cf837c41d13,any,any,all,all,accept,always,ALL_ICMP,enable,all,,sdn3-all,certificate-inspection,,,
DEH1TBP,100,allow-all,cc483efc-bbb2-51ea-90f2-9e04249fad6b,any,any,all,all,accept,always,ALL,enable,all,,sdn3-all,certificate-inspection,,,disable
DEH1TBP,110,,3cd450b4-e11c-51ea-2c64-253709028422,D.CCI,I.HTBP,range_10.244.64.68-70 range_10.248.64.68-70 IP_10.244.64.174 IP_10.248.64.174,net_10.152.54.0/24,accept,always,Port_from_BMC,enable,all,,sdn3-all,certificate-inspection,NCR-5027:2020_0506,,
DEH1TBP,111,,3cd6a152-e11c-51ea-0aac-5912ccdaa3da,I.HTBP,D.CCI,range_10.244.64.68-70 range_10.248.64.68-70 IP_10.244.64.174 IP_10.248.64.174,net_10.152.54.0/24,accept,always,Port_from_BMC,enable,all,,sdn3-all,certificate-inspection,NCR-5027:2020_0506,,
DEH1TBP,112,,b703beec-e11c-51ea-9e80-373a4ea0a171,D.CCI,I.HTBP,range_10.244.64.68-70 range_10.248.64.68-70 IP_10.244.64.174 IP_10.248.64.174,net_10.152.54.0/24,accept,always,Port_from_BMC,enable,all,,sdn3-all,certificate-inspection,NCR-5027:2020_0506,,
DEH1TBP,113,,b7060cf6-e11c-51ea-2f92-f6a8d04bec23,I.HTBP,D.CCI,net_10.152.54.0/24,range_10.244.64.68-70 range_10.248.64.68-70 IP_10.244.64.174 IP_10.248.64.174,accept,always,Port_to_BMC,enable,all,,sdn3-all,certificate-inspection,NCR-5027:2020_0506,,
DEH1TBP,114,MDS_MIX_5002,c52a1d00-e341-51ea-544f-b496b0a79b36,I.HTBP,D.SDN2,IP_10.170.63.95,IP_10.241.51.51 IP_10.241.51.52 IP_10.241.51.55 IP_10.241.151.51 IP_10.241.151.52 IP_10.241.151.55,accept,always,TCP_10022,enable,all,,sdn3-all,certificate-inspection,,enable,
DEH1TBP,115,MDS_MIX_5004,c52ccf00-e341-51ea-c59f-9182286328ff,I.HTBP,D.OTPC,IP_10.170.63.95,IP_10.63.91.11 IP_10.63.92.11,accept,always,TCP_14002,enable,all,,sdn3-all,certificate-inspection,,enable,
DEH1TBP,116,MDS_MIX_5006,c52f1c06-e341-51ea-5020-0170946b81e6,I.HTBP,D.CCI,IP_10.170.63.95,IP_10.244.128.13,accept,always,TCP_30001-30010 TCP_21,enable,all,,sdn3-all,certificate-inspection,,enable,
DEH1TBP,117,MDS_MIX_5008,c5314878-e341-51ea-8e8c-153d9bf447b1,I.HTBP,D.SDN2,IP_10.170.63.95,IP_10.151.25.11 IP_10.152.25.11 IP_10.170.53.89 IP_10.170.53.90 IP_10.170.63.89 IP_10.170.63.90 IP_10.170.53.96 IP_10.170.63.96 IP_174.20.2.86,accept,always,TCP_22,enable,all,,sdn3-all,certificate-inspection,,enable,
DEH1TBP,118,MDS_MIX_5010,c533eb1e-e341-51ea-db87-111dea8e7953,I.HTBP,D.CCI,IP_10.170.63.95,IP_10.244.128.134 IP_10.248.128.134 IP_10.245.126.179 IP_10.249.126.179 IP_10.245.126.181 IP_10.249.126.181,accept,always,TCP_22,enable,all,,sdn3-all,certificate-inspection,,enable,
DEH1TBP,119,MDS_MIX_5012,c5365f2a-e341-51ea-93cc-9eabe501f940,I.HTBP,D.OTPC,IP_10.170.63.95,IP_10.70.2.33 IP_10.70.2.34 IP_10.70.12.33 IP_10.70.12.34,accept,always,TCP_22,enable,all,,sdn3-all,certificate-inspection,,enable,
DEH1TBP,120,MDS_MIX_5014,c538eb50-e341-51ea-4e4e-ca7981bf7ac2,D.SDN2,I.HTBP,IP_10.151.5.37 IP_10.152.5.35 IP_10.151.25.12 IP_10.152.25.12,IP_10.170.63.95,accept,always,TCP_22,enable,all,,sdn3-all,certificate-inspection,,enable,
DEH1TBP,121,MDS_MIX_5019,c53b2bb8-e341-51ea-0bb7-663c4e440b54,I.HTBP,D.OTPC,IP_10.170.63.95,IP_10.1.90.123 IP_10.1.90.124 IP_10.2.90.123 IP_10.2.90.124 IP_10.1.90.113 IP_10.1.90.114 IP_10.2.90.113 IP_10.2.90.114,accept,always,TCP_22 TCP_55455,enable,all,,sdn3-all,certificate-inspection,,enable,
DEH1TBP,122,MDS_MIX_5021,c53d7dd2-e341-51ea-b579-8253ac8fb9bd,I.HTBP,D.SDN2,IP_10.170.63.95,IP_10.151.5.75 IP_10.152.5.75,accept,always,TCP_22 TCP_12024 TCP_12025,enable,all,,sdn3-all,certificate-inspection,,enable,
DEH1TBP,123,MDS_MIX_5023,c53fbb60-e341-51ea-bf66-0a812fe49569,I.HTBP,D.CCI,IP_10.170.63.95,IP_10.244.192.90 IP_10.245.95.102 IP_10.248.192.90 IP_10.249.95.102,accept,always,TCP_389,enable,all,,sdn3-all,certificate-inspection,,enable,
DEH1TBP,124,MDS_MIX_5026,c542177a-e341-51ea-f2f3-e9df8939e8c7,D.SDN2,I.HTBP,net_239.1.1.0/24,IP_10.80.3.95,accept,always,UDP_51000-51009,enable,all,,sdn3-all,certificate-inspection,,enable,
DEH1TBP,125,MDS_MIX_5027,c54438d4-e341-51ea-4e33-db3493101e4e,D.SDN2,I.HTBP,net_239.1.127.0/24,IP_10.80.4.95,accept,always,UDP_51000-51009,enable,all,,sdn3-all,certificate-inspection,,enable,
DEH1TBP,126,PPP_BMC_5011,7cf993b2-e5bc-51ea-1226-4b628efef79d,I.SMARTTBP,D.CCI,net_10.2.153.0/24,range_10.244.64.68-70 range_10.244.64.174-175 range_10.248.64.68-70 range_10.248.64.174-175,accept,always,TCP_2059 TCP_1828-1838 TCP_3181-3183 UDP_162,enable,all,,sdn3-all,certificate-inspection,NCR-5546:2020_824,enable,
DEH1TBP,127,PPP_BMC_5012,7f7ff2de-e5bc-51ea-6c31-54e787eb5dc5,I.HTBP,D.CCI,net_10.152.34.0/24,range_10.244.64.68-70 range_10.244.64.174-175 range_10.248.64.68-70 range_10.248.64.174-175,accept,always,TCP_2059 TCP_1828-1838 TCP_3181-3183 UDP_162,enable,all,,sdn3-all,certificate-inspection,NCR-5546:2020_824,enable,
DEH1TBP,128,MDS_OMDD_0011,674d6f66-e6a2-51ea-084c-23ef5546f7bf,D.CCI,I.HTBP,host_10.244.128.14 host_10.244.128.20 IP_10.244.128.13,IP_10.170.63.96,accept,always,TCP/22,enable,all,,sdn3-all,certificate-inspection,NCR-5364:2020_0825,,
DEH1TBP,129,MDS_OMDD_0012,8cf92ce6-e6a2-51ea-7eec-0d0285663d67,I.HTBP,D.CCI,IP_10.170.63.96,host_10.244.255.13 host_10.248.255.13,accept,always,SMTP,enable,all,,sdn3-all,certificate-inspection,NCR-5364:2020_0825,,
DEH1TBP,130,PPP_BMC_5021,7549e158-e77e-51ea-2e0f-6fcb531c3af8,D.CCI,I.SMARTTBP,range_10.244.64.68-70 range_10.244.64.174-175 range_10.248.64.68-70 range_10.248.64.174-175,net_10.2.153.0/24,accept,always,TCP_2059 TCP_1828-1838 TCP_3181-3183 UDP_162,enable,all,,sdn3-all,certificate-inspection,NCR-5546:2020_824,enable,
DEH1TBP,131,PPP_BMC_5022,754cf618-e77e-51ea-dda8-a04cf465e3e9,D.CCI,I.HTBP,range_10.244.64.68-70 range_10.244.64.174-175 range_10.248.64.68-70 range_10.248.64.174-175 net_10.244.64.0/24 net_10.248.64.0/24,net_10.152.34.0/24,accept,always,TCP_2059 TCP_1828-1838 TCP_3181-3183 UDP_162,enable,all,,sdn3-all,certificate-inspection,NCR-5546:2020_824,enable,
DEH1TBP,133,CO_NMC_5002,1b4a0fda-ee5d-51ea-00ea-493417885648,D.CCI,I.HTBP,net_10.245.127.0/24,IP_10.170.63.95,accept,always,TCP_22,enable,all,,sdn3-all,certificate-inspection,NCR-5741:2020_0904,enable,
